FIPS,State,County,UnempRate2021,PctEmpChange2021,percent_coronary_heart_disease
1001,AL,Autauga,2.8,2.5,7.3
1003,AL,Baldwin,3,4,8
1005,AL,Barbour,5.7,-3.4,10.1
1007,AL,Bibb,3.5,2.3,8.3
1009,AL,Blount,2.4,2.3,8.8
1011,AL,Bullock,4,-3.5,9.7
1013,AL,Butler,5.3,-0.2,9.4
1015,AL,Calhoun,4.1,1.9,8.2
1017,AL,Chambers,3.7,1.9,9
1019,AL,Cherokee,2.5,4,10.1
1021,AL,Chilton,2.9,2.2,8.8
1023,AL,Choctaw,4.4,0.9,10.3
1025,AL,Clarke,6,2.1,9.8
1027,AL,Clay,2.7,1.1,9.7
1029,AL,Cleburne,2.6,3.3,9.3
1031,AL,Coffee,2.8,1.5,8
1033,AL,Colbert,4,1.7,8.6
1035,AL,Conecuh,4.8,-1.2,10.9
1037,AL,Coosa,3.1,1.3,10
1039,AL,Covington,3,1.8,9.6
1041,AL,Crenshaw,3.3,-0.7,9.1
1043,AL,Cullman,2.4,2.6,8.5
1045,AL,Dale,3.1,2.3,8.4
1047,AL,Dallas,7.4,-1.3,9.8
1049,AL,DeKalb,2.5,2,9.5
1051,AL,Elmore,2.7,2.5,7.1
1053,AL,Escambia,4.1,-1.4,9.7
1055,AL,Etowah,4.1,-0.7,8.7
1057,AL,Fayette,3.1,2.5,10.1
1059,AL,Franklin,2.5,0.7,9
1061,AL,Geneva,2.8,1.6,10.3
1063,AL,Greene,6.9,-1.1,11.9
1065,AL,Hale,5.7,0.4,9.8
1067,AL,Henry,3.2,1.9,9.5
1069,AL,Houston,3.4,2,8.4
1071,AL,Jackson,2.9,2.7,9.6
1073,AL,Jefferson,3.6,2.5,7.1
1075,AL,Lamar,3,0.9,9.8
1077,AL,Lauderdale,3.2,1.8,8.2
1079,AL,Lawrence,2.9,1.6,9.2
1081,AL,Lee,2.8,3.3,6
1083,AL,Limestone,2.5,3.9,7.3
1085,AL,Lowndes,9.2,2.1,10.1
1087,AL,Macon,6,2,8.6
1089,AL,Madison,2.7,4,6.3
1091,AL,Marengo,4.2,0.9,9.4
1093,AL,Marion,2.8,3.2,9.9
1095,AL,Marshall,2.4,2.2,8.5
1097,AL,Mobile,4.7,2.5,8
1099,AL,Monroe,5.6,0,10.2
1101,AL,Montgomery,4.9,2.5,7.3
1103,AL,Morgan,2.6,1.7,8.4
1105,AL,Perry,8.3,-3,11.1
1107,AL,Pickens,4.1,0.9,9.5
1109,AL,Pike,3.2,3.5,6.9
1111,AL,Randolph,2.7,1,9.2
1113,AL,Russell,3.1,0.5,7.7
1115,AL,St. Clair,2.6,2.4,7.7
1117,AL,Shelby,2.1,2.5,6.3
1119,AL,Sumter,4.5,-2.1,9.1
1121,AL,Talladega,4.1,1.8,8.8
1123,AL,Tallapoosa,4,2.2,9.8
1125,AL,Tuscaloosa,3.6,1.3,6.3
1127,AL,Walker,3.6,2.5,9.4
1129,AL,Washington,4.7,0.2,9.6
1131,AL,Wilcox,11,-3.9,10.4
1133,AL,Winston,2.8,1,10.5
2013,AK,Aleutians East,2.3,3.6,5.9
2016,AK,Aleutians West,3.6,-4.4,4.6
2020,AK,Anchorage,5.8,4.3,4.9
2050,AK,Bethel,13.1,-1.5,8.1
2060,AK,Bristol Bay,5.6,17.1,7.5
2068,AK,Denali,10.1,44,5.7
2070,AK,Dillingham,8.2,-0.1,7.7
2090,AK,Fairbanks North Star,5,3.5,4.7
2100,AK,Haines,11.3,6.3,8.2
2105,AK,Hoonah-Angoon,9.3,15.5,9.7
2110,AK,Juneau ,4.7,5.1,5.5
2122,AK,Kenai Peninsula,7.3,7.5,7.4
2130,AK,Ketchikan Gateway,7.4,5.1,6.5
2150,AK,Kodiak Island,6.4,-0.7,5.1
2158,AK,Kusilvak,19.9,3.5,9.1
2164,AK,Lake and Peninsula,8.9,8.8,7.7
2170,AK,Matanuska-Susitna,6.8,4.4,5.9
2180,AK,Nome,9.7,5.3,7.4
2185,AK,North Slope,6.3,-8,6.1
2188,AK,Northwest Arctic,11.5,0.3,7.7
2195,AK,Petersburg,7,15.9,7.1
2198,AK,Prince of Wales-Hyder,8,1.8,9.3
2220,AK,Sitka ,4.5,12.4,6.2
2230,AK,Skagway,14.2,6,5.7
2240,AK,Southeast Fairbanks,6.6,10.6,6.9
2275,AK,Wrangell ,7.5,0.9,9.2
2282,AK,Yakutat ,7.1,12.2,8.6
2290,AK,Yukon-Koyukuk,12.4,4.8,9.8
4001,AZ,Apache,9.1,-0.4,10
4003,AZ,Cochise,4.8,0,8.2
4005,AZ,Coconino,6,4.1,5.6
4007,AZ,Gila,5,2.9,10.6
4009,AZ,Graham,4.1,4,6.9
4011,AZ,Greenlee,4,2.1,6
4012,AZ,La Paz,5.1,0.7,14.1
4013,AZ,Maricopa,4.5,5.4,6.1
4015,AZ,Mohave,5.5,6.2,10.7
4017,AZ,Navajo,6.5,4,9.6
4019,AZ,Pima,5,3.1,7
4021,AZ,Pinal,4.7,5.2,7.7
4023,AZ,Santa Cruz,8.7,3.7,7.9
4025,AZ,Yavapai,4.1,5,9
4027,AZ,Yuma,12.9,3.7,8
5001,AR,Arkansas,3.4,0.6,9
5003,AR,Ashley,7.4,-3.2,10.2
5005,AR,Baxter,3.7,0.6,11
5007,AR,Benton,2.8,2.1,6.3
5009,AR,Boone,3,2,9.1
5011,AR,Bradley,4.7,-6,9.2
5013,AR,Calhoun,3.3,1,9.3
5015,AR,Carroll,3.4,2.2,9.6
5017,AR,Chicot,8.6,-1.9,11.3
5019,AR,Clark,4.7,-3.7,7.5
5021,AR,Clay,4,-0.6,10.3
5023,AR,Cleburne,4.6,0.8,10.8
5025,AR,Cleveland,4,-2.3,9.8
5027,AR,Columbia,5.3,-1.1,8.3
5029,AR,Conway,4.2,-0.2,9.8
5031,AR,Craighead,3.3,1,7
5033,AR,Crawford,3.6,-0.8,8.8
5035,AR,Crittenden,5.4,0.3,7.9
5037,AR,Cross,4.4,-2,9.3
5039,AR,Dallas,4.1,-0.4,10
5041,AR,Desha,5.9,-5,10.4
5043,AR,Drew,5,-0.5,8.5
5045,AR,Faulkner,3.5,0.5,6.4
5047,AR,Franklin,3.7,-0.8,10.1
5049,AR,Fulton,3.6,0.8,12.2
5051,AR,Garland,5,1.3,9.5
5053,AR,Grant,3.2,0.4,8
5055,AR,Greene,3.4,1.2,8.1
5057,AR,Hempstead,3.5,-2.9,9.3
5059,AR,Hot Spring,3.9,0.1,8.8
5061,AR,Howard,3.2,0.1,9.5
5063,AR,Independence,3.9,-0.2,8.6
5065,AR,Izard,5.4,-2.7,11.2
5067,AR,Jackson,5.2,-1.6,9.3
5069,AR,Jefferson,6.6,-2.7,8.5
5071,AR,Johnson,4.7,-1.3,9.4
5073,AR,Lafayette,5.8,-1.8,11.5
5075,AR,Lawrence,4.3,0.6,9.4
5077,AR,Lee,5.6,-4.9,10.3
5079,AR,Lincoln,4.6,-2.2,8.2
5081,AR,Little River,4.5,0.2,9.2
5083,AR,Logan,4.2,-0.6,9.7
5085,AR,Lonoke,3.3,0.5,7
5087,AR,Madison,3.1,2,9.8
5089,AR,Marion,4.3,-0.5,11.6
5091,AR,Miller,4.8,0.4,8.6
5093,AR,Mississippi,7.2,-3.6,8.4
5095,AR,Monroe,5.3,-2.3,11.2
5097,AR,Montgomery,4.8,-0.5,11.6
5099,AR,Nevada,4,-3,9.6
5101,AR,Newton,3,2.1,10.5
5103,AR,Ouachita,3.9,1,10.1
5105,AR,Perry,4.1,0.6,9.5
5107,AR,Phillips,7.7,-5.4,10.3
5109,AR,Pike,4.4,-0.4,9.7
5111,AR,Poinsett,3.9,1,9.6
5113,AR,Polk,4.4,-0.5,11
5115,AR,Pope,4,-0.1,7.9
5117,AR,Prairie,3.7,-0.6,9.9
5119,AR,Pulaski,4.9,0.5,6.9
5121,AR,Randolph,3.9,0.3,9.9
5123,AR,St. Francis,6.2,-2.5,9.3
5125,AR,Saline,3.1,0.5,7.4
5127,AR,Scott,3.3,-1.8,10.4
5129,AR,Searcy,4.2,3.9,12.3
5131,AR,Sebastian,3.7,-0.8,8.2
5133,AR,Sevier,4.4,-1.6,8.7
5135,AR,Sharp,4.9,0.9,11.7
5137,AR,Stone,5,0.2,12.8
5139,AR,Union,6.1,-1.4,8.6
5141,AR,Van Buren,4.9,3.1,11.5
5143,AR,Washington,2.9,2.1,6.6
5145,AR,White,4,1.5,8.1
5147,AR,Woodruff,5,-0.4,10.9
5149,AR,Yell,4,-0.1,9.6
6001,CA,Alameda,6.1,2.4,4.8
6003,CA,Alpine,8.1,5.3,8.2
6005,CA,Amador,7,2,8.6
6007,CA,Butte,6.9,1.7,7
6009,CA,Calaveras,5.7,2.7,9.2
6011,CA,Colusa,12.5,6.2,7
6013,CA,Contra Costa,6.4,2.4,5.5
6015,CA,Del Norte,7.6,1.3,8.2
6017,CA,El Dorado,5.7,3.5,7.2
6019,CA,Fresno,9.2,2.5,6.4
6021,CA,Glenn,6.9,1.4,7.6
6023,CA,Humboldt,6.2,1,7.4
6025,CA,Imperial,17.3,3.4,6.9
6027,CA,Inyo,5.9,1.4,8.1
6029,CA,Kern,10,2.8,6.4
6031,CA,Kings,9.6,0.8,5.8
6033,CA,Lake,7.6,2.3,9.2
6035,CA,Lassen,5.9,-0.9,6.9
6037,CA,Los Angeles,8.9,4.4,5.6
6039,CA,Madera,8.8,2.8,7.2
6041,CA,Marin,4.5,1.4,6.4
6043,CA,Mariposa,8,1.1,9.3
6045,CA,Mendocino,6.2,2.7,8.6
6047,CA,Merced,10.4,2.4,6.3
6049,CA,Modoc,7.1,2.4,10.1
6051,CA,Mono,6.8,12.3,6.4
6053,CA,Monterey,8.3,2.4,6.3
6055,CA,Napa,6,2.8,6.5
6057,CA,Nevada,5.6,3.7,8.1
6059,CA,Orange,6,2.8,5.4
6061,CA,Placer,5,3.5,6.2
6063,CA,Plumas,9.5,-1.3,9.1
6065,CA,Riverside,7.3,4.3,6.1
6067,CA,Sacramento,7,3.5,5.8
6069,CA,San Benito,7.2,1.4,5.7
6071,CA,San Bernardino,7.4,4.3,5.8
6073,CA,San Diego,6.5,3.4,5.3
6075,CA,San Francisco,5,1,4.6
6077,CA,San Joaquin,8.7,3.3,6
6079,CA,San Luis Obispo,5.2,3.9,6.5
6081,CA,San Mateo,4.6,1,4.9
6083,CA,Santa Barbara,5.8,2.6,6.1
6085,CA,Santa Clara,4.7,1.9,4.4
6087,CA,Santa Cruz,6.9,2.2,6
6089,CA,Shasta,6.8,1.9,7.9
6091,CA,Sierra,6,4.3,9.4
6093,CA,Siskiyou,8.1,0,9.5
6095,CA,Solano,7.5,1.6,5.8
6097,CA,Sonoma,5.5,1.8,6.6
6099,CA,Stanislaus,8.4,2.1,6.3
6101,CA,Sutter,9,2.3,6.8
6103,CA,Tehama,7.2,1.4,8.6
6105,CA,Trinity,6.3,0.9,10.8
6107,CA,Tulare,10.7,2.7,6.7
6109,CA,Tuolumne,7.3,3.3,8.4
6111,CA,Ventura,6.2,1.8,6.1
6113,CA,Yolo,5.8,3.6,5.1
6115,CA,Yuba,8.5,2.8,6.3
8001,CO,Adams,6.2,3.7,5
8003,CO,Alamosa,5.5,3.2,6.3
8005,CO,Arapahoe,5.8,3.8,4.8
8007,CO,Archuleta,4.9,6.2,7.6
8009,CO,Baca,2.1,1.8,9.5
8011,CO,Bent,6.1,4.2,8.3
8013,CO,Boulder,4.4,4.2,4.9
8014,CO,Broomfield,4.5,3.7,4.5
8015,CO,Chaffee,4,8.5,7.4
8017,CO,Cheyenne,2.3,2.1,7.6
8019,CO,Clear Creek,5.5,3.9,6.1
8021,CO,Conejos,4.8,3.1,8
8023,CO,Costilla,6,5,10.1
8025,CO,Crowley,5.2,1.8,6.9
8027,CO,Custer,4,12.4,8.7
8029,CO,Delta,5.3,2.5,9.3
8031,CO,Denver,5.9,3.8,4.1
8033,CO,Dolores,4.7,5.7,7.8
8035,CO,Douglas,4.1,3.8,4.3
8037,CO,Eagle,4.4,9.2,4.9
8039,CO,Elbert,3.8,3.8,6.1
8041,CO,El Paso,5.6,3.9,4.8
8043,CO,Fremont,6.9,4.7,7.8
8045,CO,Garfield,4.7,4.7,5.6
8047,CO,Gilpin,6.2,4,5.7
8049,CO,Grand,4.2,9.5,6.2
8051,CO,Gunnison,3.7,7.7,4.7
8053,CO,Hinsdale,3.6,6.9,8
8055,CO,Huerfano,8.2,2.8,9.4
8057,CO,Jackson,3.3,6.3,7.7
8059,CO,Jefferson,5,3.9,5.1
8061,CO,Kiowa,3.3,-0.6,8.9
8063,CO,Kit Carson,3,0.9,8
8065,CO,Lake,4.4,7.3,5.3
8067,CO,La Plata,5.2,4.7,6.1
8069,CO,Larimer,4.7,4,5.2
8071,CO,Las Animas,6.5,2.4,8.4
8073,CO,Lincoln,4.2,1.1,7.3
8075,CO,Logan,4.4,1.2,7
8077,CO,Mesa,5.7,4.9,6.9
8079,CO,Mineral,5,0.5,7.5
8081,CO,Moffat,4.8,2.8,7.1
8083,CO,Montezuma,5.6,6.1,8.1
8085,CO,Montrose,5,5.6,8.1
8087,CO,Morgan,4.9,2.2,6.7
8089,CO,Otero,6.1,2,8.5
8091,CO,Ouray,4.5,12.9,7.3
8093,CO,Park,4.1,4.2,7
8095,CO,Phillips,2.9,1,8.3
8097,CO,Pitkin,5.5,5,5.4
8099,CO,Prowers,4.5,2.1,7.6
8101,CO,Pueblo,7.9,1.6,6.7
8103,CO,Rio Blanco,5.5,0.5,6.8
8105,CO,Rio Grande,6.5,3.5,7.7
8107,CO,Routt,4.2,4.2,5.5
8109,CO,Saguache,5.9,3.6,8.9
8111,CO,San Juan,3.5,20.8,8.2
8113,CO,San Miguel,5,13.9,5.4
8115,CO,Sedgwick,3.7,2.3,9.6
8117,CO,Summit,4,9.6,4.9
8119,CO,Teller,4.9,4.2,7.1
8121,CO,Washington,3.2,-0.8,7.7
8123,CO,Weld,5.7,1.5,5.3
8125,CO,Yuma,2.7,2,7.4
9001,CT,Fairfield,6.1,0.2,5.7
9003,CT,Hartford,6.5,-1.3,6.4
9005,CT,Litchfield,5.5,-0.6,7.1
9007,CT,Middlesex,5.2,-1,6.4
9009,CT,New Haven,6.6,-0.5,6.4
9011,CT,New London,6.9,-0.4,6.7
9013,CT,Tolland,5.1,-1.3,5.6
9015,CT,Windham,6.2,-0.5,6.7
10001,DE,Kent,6.2,4.3,7.3
10003,DE,New Castle,5.3,3.9,6.2
10005,DE,Sussex,4.8,6.8,9.6
11001,DC,District of Columbia,6.6,-0.5,3.9
12001,FL,Alachua,3.7,5.3,6
12003,FL,Baker,3.7,5.6,7.3
12005,FL,Bay,3.9,6.8,7.9
12007,FL,Bradford,4.2,3.2,8.9
12009,FL,Brevard,4,6.4,8.5
12011,FL,Broward,4.9,6.1,6.7
12013,FL,Calhoun,4.5,3.8,9.4
12015,FL,Charlotte,4.4,6.5,11.8
12017,FL,Citrus,5.7,5.4,12
12019,FL,Clay,3.5,5.6,7
12021,FL,Collier,3.7,6.8,9.9
12023,FL,Columbia,4.5,1.3,8.6
12027,FL,DeSoto,3.8,3.8,10.7
12029,FL,Dixie,4.3,2.9,10.6
12031,FL,Duval,4.5,5.8,6.6
12033,FL,Escambia,4.5,4.7,7.1
12035,FL,Flagler,4.6,6.5,9.9
12037,FL,Franklin,3.8,3.7,10.2
12039,FL,Gadsden,5.4,8.4,8.8
12041,FL,Gilchrist,3.7,4.4,9.3
12043,FL,Glades,4.2,2.3,11.8
12045,FL,Gulf,3.6,6.9,9.6
12047,FL,Hamilton,6,0.8,9.6
12049,FL,Hardee,4.8,7.6,9.3
12051,FL,Hendry,6.1,6.3,8.8
12053,FL,Hernando,5.1,6.1,9.7
12055,FL,Highlands,5.9,3.8,12.4
12057,FL,Hillsborough,4.3,5.9,6.3
12059,FL,Holmes,4.1,3.8,10.1
12061,FL,Indian River,4.7,5.1,10.5
12063,FL,Jackson,4.6,1.9,9.4
12065,FL,Jefferson,4.2,5.1,9.5
12067,FL,Lafayette,4,1.4,9.3
12069,FL,Lake,4.7,7.1,9.2
12071,FL,Lee,4.2,7.7,9.6
12073,FL,Leon,4.2,4.8,5.6
12075,FL,Levy,4.5,4.5,10.8
12077,FL,Liberty,4.2,0.7,8.2
12079,FL,Madison,4.9,4.2,10.3
12081,FL,Manatee,3.9,7.7,9.5
12083,FL,Marion,4.9,5.2,10.4
12085,FL,Martin,3.6,6.3,9.7
12086,FL,Miami-Dade,5.2,5.2,6.8
12087,FL,Monroe,3,9.4,8
12089,FL,Nassau,3.4,5.7,7.8
12091,FL,Okaloosa,3.3,7.3,6.6
12093,FL,Okeechobee,4.1,4.2,9.5
12095,FL,Orange,5.2,7,5.8
12097,FL,Osceola,6.3,7,6.3
12099,FL,Palm Beach,4.3,7,8.3
12101,FL,Pasco,4.4,6,8.4
12103,FL,Pinellas,4,6,8.5
12105,FL,Polk,5.4,7.8,8.3
12107,FL,Putnam,6.1,5.8,11.1
12109,FL,St. Johns,3,5.8,7.1
12111,FL,St. Lucie,4.9,6.2,9.1
12113,FL,Santa Rosa,3.5,4.8,6.9
12115,FL,Sarasota,3.8,8,10
12117,FL,Seminole,4.1,7.1,6
12119,FL,Sumter,5.3,9.8,13.4
12121,FL,Suwannee,4.5,0.5,9.3
12123,FL,Taylor,5,1.6,9.5
12125,FL,Union,3.7,1.8,8.7
12127,FL,Volusia,4.6,6.6,9
12129,FL,Wakulla,3.2,4.7,7.2
12131,FL,Walton,3.5,7.5,7.9
12133,FL,Washington,4.5,2.7,9.6
13001,GA,Appling,3.6,2.2,9.8
13003,GA,Atkinson,2.9,2.1,9.3
13005,GA,Bacon,3.2,1.3,9.3
13007,GA,Baker,4.9,1.9,11
13009,GA,Baldwin,4.8,2.6,7.6
13011,GA,Banks,2.6,4.8,8.8
13013,GA,Barrow,2.9,5.4,6.4
13015,GA,Bartow,3.5,5.4,7.1
13017,GA,Ben Hill,5.2,3,9.7
13019,GA,Berrien,3.7,5.2,9.4
13021,GA,Bibb,5,3.6,7.8
13023,GA,Bleckley,5,4.1,8.1
13025,GA,Brantley,3.6,5.8,9.7
13027,GA,Brooks,3.7,2.7,9.9
13029,GA,Bryan,2.9,6.6,5.4
13031,GA,Bulloch,4.1,5,5.9
13033,GA,Burke,5.8,2.7,8.5
13035,GA,Butts,3.6,5.3,8.1
13037,GA,Calhoun,4,0.8,9.1
13039,GA,Camden,3.2,4.3,6.8
13043,GA,Candler,3,6.3,10
13045,GA,Carroll,3.7,5.5,6.9
13047,GA,Catoosa,2.7,4.4,7.6
13049,GA,Charlton,3.2,2.5,9
13051,GA,Chatham,4.3,6.6,6.6
13053,GA,Chattahoochee,4.5,1.6,3.5
13055,GA,Chattooga,4.8,1.8,9.8
13057,GA,Cherokee,2.6,5.5,6.2
13059,GA,Clarke,3.8,4.8,5.4
13061,GA,Clay,10.2,0.4,12.2
13063,GA,Clayton,6.5,5.4,5.9
13065,GA,Clinch,2.9,3.1,10.5
13067,GA,Cobb,3.3,5.5,5.2
13069,GA,Coffee,4.1,1.3,8.1
13071,GA,Colquitt,3.2,3,9.1
13073,GA,Columbia,2.7,3.1,5.8
13075,GA,Cook,3.4,3.1,8.8
13077,GA,Coweta,3.4,5.4,6.5
13079,GA,Crawford,3.7,3.5,9.2
13081,GA,Crisp,8.6,4.1,10.6
13083,GA,Dade,2.6,5,8.6
13085,GA,Dawson,2.7,5.7,7.5
13087,GA,Decatur,3.7,1.3,8.7
13089,GA,DeKalb,4.6,5.5,5.6
13091,GA,Dodge,4.2,3.1,9.2
13093,GA,Dooly,7.3,1.1,9.5
13095,GA,Dougherty,6.4,2.5,8.2
13097,GA,Douglas,4.4,5.5,6.1
13099,GA,Early,5,-1,10.2
13101,GA,Echols,2.7,2,8.1
13103,GA,Effingham,2.9,6.5,6.2
13105,GA,Elbert,4.9,0.6,10.1
13107,GA,Emanuel,5.3,3.4,9.2
13109,GA,Evans,3.5,5.2,9.2
13111,GA,Fannin,2.8,8.1,10.9
13113,GA,Fayette,2.9,5.4,6.4
13115,GA,Floyd,3.7,4.5,8.1
13117,GA,Forsyth,2.5,5.5,5.1
13119,GA,Franklin,3.7,4.6,8.8
13121,GA,Fulton,4.7,5.5,5.1
13123,GA,Gilmer,3,4.4,10.2
13125,GA,Glascock,2.6,2.8,9.2
13127,GA,Glynn,3.8,5.6,8.2
13129,GA,Gordon,3.2,5.1,8.1
13131,GA,Grady,3.1,5.3,9.2
13133,GA,Greene,3.7,2.8,10.4
13135,GA,Gwinnett,3.5,5.5,5.4
13137,GA,Habersham,3.6,1.2,8.1
13139,GA,Hall,2.7,4.6,7.5
13141,GA,Hancock,6.4,2.2,11
13143,GA,Haralson,3.5,5.6,7.7
13145,GA,Harris,2.9,1.9,7.1
13147,GA,Hart,3.9,4.3,9.4
13149,GA,Heard,3.9,5.4,8.6
13151,GA,Henry,4.2,5.3,5.8
13153,GA,Houston,3.6,3.5,6.1
13155,GA,Irwin,4.5,3.6,9
13157,GA,Jackson,2.4,9,6.9
13159,GA,Jasper,3.2,5.4,8.8
13161,GA,Jeff Davis,4,0.7,9.2
13163,GA,Jefferson,4.7,6.8,9.2
13165,GA,Jenkins,4.7,2.6,10
13167,GA,Johnson,3.5,5.2,10.2
13169,GA,Jones,3.1,3.6,7.8
13171,GA,Lamar,4.2,5.6,7.7
13173,GA,Lanier,3.8,2.8,8.7
13175,GA,Laurens,4.3,5.4,8.9
13177,GA,Lee,3.1,2.5,6.2
13179,GA,Liberty,4,5,5.2
13181,GA,Lincoln,4,2.9,10.1
13183,GA,Long,3,4.9,6.9
13185,GA,Lowndes,4.1,2.5,6.4
13187,GA,Lumpkin,2.8,7.3,7.5
13189,GA,McDuffie,5.2,2.9,8.8
13191,GA,McIntosh,3.7,5.2,10.4
13193,GA,Macon,6.3,2.1,9.7
13195,GA,Madison,3.1,5,8.6
13197,GA,Marion,3.6,2.1,9.3
13199,GA,Meriwether,5.3,5.5,9.6
13201,GA,Miller,3,1.4,9.9
13205,GA,Mitchell,5,0.9,9.4
13207,GA,Monroe,3.1,3.8,7.9
13209,GA,Montgomery,4.1,2,8.4
13211,GA,Morgan,3.2,5.5,7.7
13213,GA,Murray,4.3,4.1,8.2
13215,GA,Muscogee,5.3,1.9,6.9
13217,GA,Newton,4.4,5.4,6.7
13219,GA,Oconee,2.2,5,6
13221,GA,Oglethorpe,2.9,4.7,8.6
13223,GA,Paulding,3,5.4,5.7
13225,GA,Peach,4.7,3.6,7.6
13227,GA,Pickens,2.8,5.4,8.7
13229,GA,Pierce,3.1,2.8,8.9
13231,GA,Pike,2.8,5.5,7.1
13233,GA,Polk,3.6,3.6,8.3
13235,GA,Pulaski,3.6,3.6,9.7
13237,GA,Putnam,4,7.2,10.1
13239,GA,Quitman,4.9,-2,11.8
13241,GA,Rabun,3.1,6.4,10.8
13243,GA,Randolph,5.2,-3,12.6
13245,GA,Richmond,5.3,2.9,7.3
13247,GA,Rockdale,4.6,5.5,7
13249,GA,Schley,3.7,0,8.4
13251,GA,Screven,5.6,4.2,8.8
13253,GA,Seminole,3.7,0.1,10.5
13255,GA,Spalding,4.7,5.4,8.5
13257,GA,Stephens,4.3,3,8.4
13259,GA,Stewart,3.8,3.8,7.3
13261,GA,Sumter,5.7,-0.2,8
13263,GA,Talbot,4.5,3.1,10.6
13265,GA,Taliaferro,5,2.6,12.2
13267,GA,Tattnall,3.2,0.6,8.3
13269,GA,Taylor,5.7,8.3,10.9
13271,GA,Telfair,7.2,1.2,10.2
13273,GA,Terrell,6.2,2.5,10.4
13275,GA,Thomas,4.2,5.6,8.4
13277,GA,Tift,3.4,5.2,7.8
13279,GA,Toombs,4.5,2.2,8.7
13281,GA,Towns,3.9,7.7,10.2
13283,GA,Treutlen,4.3,0.8,9.9
13285,GA,Troup,4.4,3.2,7.7
13287,GA,Turner,6.4,1.6,9.7
13289,GA,Twiggs,5.1,3.2,9.6
13291,GA,Union,2.7,7,11.4
13293,GA,Upson,4,5.1,8.9
13295,GA,Walker,3.1,4.3,8.7
13297,GA,Walton,3.2,5.4,7.4
13299,GA,Ware,3.7,2.6,9.2
13301,GA,Warren,4.7,3.9,10.4
13303,GA,Washington,5,0.8,9
13305,GA,Wayne,3.7,5.1,8.4
13307,GA,Webster,4.4,-1,10.6
13309,GA,Wheeler,5.5,3.5,9.1
13311,GA,White,2.5,4.2,8.7
13313,GA,Whitfield,3.9,4.1,8
13315,GA,Wilcox,4.6,2.4,9.3
13317,GA,Wilkes,4.7,2.6,10.7
13319,GA,Wilkinson,4.2,-2.6,9.7
13321,GA,Worth,4,2.4,9
15001,HI,Hawaii,5.5,9.6,7.1
15003,HI,Honolulu,5.3,6.4,4.9
15007,HI,Kauai,7.8,9.4,6.5
15009,HI,Maui,7.3,15.8,6
16001,ID,Ada,3.3,5.3,5.6
16003,ID,Adams,6.6,4.9,10
16005,ID,Bannock,3.6,2.5,6.4
16007,ID,Bear Lake,3,2.4,8.5
16009,ID,Benewah,5.6,0.5,9.3
16011,ID,Bingham,3.2,2.3,7
16013,ID,Blaine,3.6,5.3,7.2
16015,ID,Boise,5.4,5.3,9.1
16017,ID,Bonner,4.8,5,8.8
16019,ID,Bonneville,2.9,4.7,6
16021,ID,Boundary,4.4,3.2,9.2
16023,ID,Butte,3.8,3.6,10.1
16025,ID,Camas,3.4,3.5,9.5
16027,ID,Canyon,4,5,6.5
16029,ID,Caribou,3.1,0.7,7.3
16031,ID,Cassia,2.9,2.2,7
16033,ID,Clark,3.2,0.6,8.5
16035,ID,Clearwater,6.5,1.8,9.6
16037,ID,Custer,4.7,2.3,10.5
16039,ID,Elmore,3.7,2.1,6.7
16041,ID,Franklin,2.5,3.8,6.7
16043,ID,Fremont,2.9,4.3,7.6
16045,ID,Gem,4.1,4.6,8.6
16047,ID,Gooding,3.1,1.8,8.2
16049,ID,Idaho,4.9,3.3,10.4
16051,ID,Jefferson,2.7,4.2,5.9
16053,ID,Jerome,3.3,2.2,7.3
16055,ID,Kootenai,4.3,4,7.4
16057,ID,Latah,3.3,2.2,5.4
16059,ID,Lemhi,5.3,3.2,10.4
16061,ID,Lewis,5.7,2.6,10.6
16063,ID,Lincoln,4.4,3.3,7.6
16065,ID,Madison,2.2,4.7,4.2
16067,ID,Minidoka,3.1,2.3,7.7
16069,ID,Nez Perce,3.3,1.9,7.8
16071,ID,Oneida,2.5,11.8,8.2
16073,ID,Owyhee,4.3,2.7,8.4
16075,ID,Payette,4,2.1,7.9
16077,ID,Power,3.8,0.8,7.4
16079,ID,Shoshone,6.6,3.5,10
16081,ID,Teton,2.9,9.2,5.5
16083,ID,Twin Falls,3.6,3.3,6.9
16085,ID,Valley,5.3,4.8,8.3
16087,ID,Washington,4.4,2.7,10.2
17001,IL,Adams,3.9,1.8,7.8
17003,IL,Alexander,8.1,2.3,10.7
17005,IL,Bond,4.6,3,7.8
17007,IL,Boone,8.5,1.9,6.6
17009,IL,Brown,2.5,2.5,6.6
17011,IL,Bureau,5,2.8,8.4
17013,IL,Calhoun,4.8,3.1,8.5
17015,IL,Carroll,4.2,4.8,8.8
17017,IL,Cass,4.9,-0.5,8
17019,IL,Champaign,4.8,3.5,5.1
17021,IL,Christian,5.4,2.4,8.2
17023,IL,Clark,5,2.6,7.7
17025,IL,Clay,5.5,-0.5,8.6
17027,IL,Clinton,3.4,3.1,7.1
17029,IL,Coles,5.1,1.3,7.2
17031,IL,Cook,7,2.6,5.7
17033,IL,Crawford,5,3.3,7.7
17035,IL,Cumberland,4.2,1.6,8
17037,IL,DeKalb,5.6,3.2,5.5
17039,IL,De Witt,4.9,3.4,7.8
17041,IL,Douglas,3.7,4.1,7.7
17043,IL,DuPage,4.5,2.6,5.4
17045,IL,Edgar,4,3.6,8.3
17047,IL,Edwards,5.1,-0.2,8.4
17049,IL,Effingham,3.9,4.2,7.2
17051,IL,Fayette,5.1,3.8,8.3
17053,IL,Ford,4.4,3.2,7.9
17055,IL,Franklin,6.6,2.7,9
17057,IL,Fulton,5.7,2.3,8.1
17059,IL,Gallatin,6.1,0.9,9.9
17061,IL,Greene,4.6,2,8.2
17063,IL,Grundy,5.3,2.5,6.1
17065,IL,Hamilton,4.3,2.7,8.7
17067,IL,Hancock,4.3,3.1,8.7
17069,IL,Hardin,6.7,5.7,9.8
17071,IL,Henderson,4,3.6,9
17073,IL,Henry,4.9,3.1,7.6
17075,IL,Iroquois,4.7,-1.7,8.7
17077,IL,Jackson,5.4,2.9,6.6
17079,IL,Jasper,4.3,5.4,8.1
17081,IL,Jefferson,6.2,1.7,8
17083,IL,Jersey,4.4,3.2,7.1
17085,IL,Jo Daviess,4.4,5.5,9
17087,IL,Johnson,6,3.5,8.3
17089,IL,Kane,5.9,3.2,6
17091,IL,Kankakee,6.5,0.1,7.1
17093,IL,Kendall,4.7,2.5,4.6
17095,IL,Knox,6.6,-0.5,8.7
17097,IL,Lake,5.3,3.7,5.6
17099,IL,LaSalle,6,4,7.7
17101,IL,Lawrence,6.1,0.7,7.6
17103,IL,Lee,4.5,1.6,7.8
17105,IL,Livingston,4.9,-0.3,7.8
17107,IL,Logan,4.8,0.2,6.9
17109,IL,McDonough,4.9,1.9,6.9
17111,IL,McHenry,4.7,2.5,5.8
17113,IL,McLean,4.6,3.6,5.5
17115,IL,Macon,7.7,1.5,7.9
17117,IL,Macoupin,4.5,3.1,8.2
17119,IL,Madison,4.9,3.2,6.9
17121,IL,Marion,5.8,2.6,8.5
17123,IL,Marshall,5.6,2.7,8.5
17125,IL,Mason,5.4,2.9,8.8
17127,IL,Massac,5.8,4,9
17129,IL,Menard,4.1,4.4,7.3
17131,IL,Mercer,4.9,3.1,8.4
17133,IL,Monroe,3.1,3.2,6.3
17135,IL,Montgomery,5.4,2.4,8.3
17137,IL,Morgan,5,1.4,7.9
17139,IL,Moultrie,3.5,3,7.7
17141,IL,Ogle,5.8,0.8,7.5
17143,IL,Peoria,7.2,2.8,7
17145,IL,Perry,5.8,2.4,8.2
17147,IL,Piatt,4,3.4,6.9
17149,IL,Pike,4.1,3,8.9
17151,IL,Pope,5.1,5.6,10.5
17153,IL,Pulaski,9.3,-0.3,9.8
17155,IL,Putnam,5,4.4,8.1
17157,IL,Randolph,4.3,2.7,8.2
17159,IL,Richland,4.3,-1.3,8.1
17161,IL,Rock Island,5.6,3.2,7.7
17163,IL,St. Clair,6.1,3.2,6.7
17165,IL,Saline,6.6,1.2,8.8
17167,IL,Sangamon,5.5,4.5,7
17169,IL,Schuyler,3.9,3.3,8.6
17171,IL,Scott,5.1,-0.5,7.9
17173,IL,Shelby,4.2,2.4,8.4
17175,IL,Stark,5.5,2.5,8.6
17177,IL,Stephenson,5.5,1.1,8.7
17179,IL,Tazewell,5,2.7,7
17181,IL,Union,5.7,2.7,8.8
17183,IL,Vermilion,6.5,1,8.7
17185,IL,Wabash,4.5,-0.5,8.5
17187,IL,Warren,4.6,-1.5,7.6
17189,IL,Washington,3,2.7,7.6
17191,IL,Wayne,4.7,4.2,8.8
17193,IL,White,5,1,9.2
17195,IL,Whiteside,4.8,2.6,7.9
17197,IL,Will,5.7,2.5,5.5
17199,IL,Williamson,5.5,2.9,7.5
17201,IL,Winnebago,8.4,1.9,7.6
17203,IL,Woodford,4,2.7,6.6
18001,IN,Adams,2.2,3.1,8.5
18003,IN,Allen,3.7,3.7,6.9
18005,IN,Bartholomew,2.9,2,6.9
18007,IN,Benton,2.7,3.7,8.7
18009,IN,Blackford,3.7,1.6,9.5
18011,IN,Boone,2.1,4.8,5.6
18013,IN,Brown,3.2,5.3,8.7
18015,IN,Carroll,2.9,4.6,8.3
18017,IN,Cass,3.6,1.1,8.7
18019,IN,Clark,3.2,4.2,7.1
18021,IN,Clay,3.6,2.2,8.2
18023,IN,Clinton,2.8,3,7.9
18025,IN,Crawford,3.7,2.2,10
18027,IN,Daviess,2.3,0.8,8.3
18029,IN,Dearborn,3,3.9,7.4
18031,IN,Decatur,2.8,4,7.3
18033,IN,DeKalb,2.7,3.7,7.3
18035,IN,Delaware,3.9,2.6,7.5
18037,IN,Dubois,2.4,-0.3,7.6
18039,IN,Elkhart,2.5,10.7,7.1
18041,IN,Fayette,4.4,3.5,9.5
18043,IN,Floyd,2.8,4.2,6.8
18045,IN,Fountain,2.9,2.6,8.6
18047,IN,Franklin,2.7,2.3,8
18049,IN,Fulton,3.3,1.1,8.7
18051,IN,Gibson,2.5,1.6,7.6
18053,IN,Grant,3.7,1.2,8.4
18055,IN,Greene,3.4,4.3,8.7
18057,IN,Hamilton,2.2,4.7,5.1
18059,IN,Hancock,2.6,4.7,6.6
18061,IN,Harrison,2.7,4.2,7.9
18063,IN,Hendricks,2.5,4.7,5.7
18065,IN,Henry,3.2,2.6,8.5
18067,IN,Howard,6.2,-1.4,8
18069,IN,Huntington,3,3.6,7.7
18071,IN,Jackson,3,5.1,7.9
18073,IN,Jasper,3.5,2.7,7.6
18075,IN,Jay,2.7,3.4,8.7
18077,IN,Jefferson,3.1,4.3,8
18079,IN,Jennings,3.7,2.8,7.8
18081,IN,Johnson,2.6,4.7,6.3
18083,IN,Knox,2.8,2.3,8.2
18085,IN,Kosciusko,2.7,1.5,7.4
18087,IN,LaGrange,2,10.9,7.7
18089,IN,Lake,6.1,3.3,7.5
18091,IN,LaPorte,5.1,2.6,8
18093,IN,Lawrence,3.5,4.1,8.4
18095,IN,Madison,4.1,4.7,8.2
18097,IN,Marion,4.4,4.8,6.7
18099,IN,Marshall,2.7,3,8.3
18101,IN,Martin,2.5,1.5,8.6
18103,IN,Miami,4.4,1.1,8.4
18105,IN,Monroe,2.9,4.8,5.4
18107,IN,Montgomery,2.6,1.7,8
18109,IN,Morgan,2.9,4.8,7.4
18111,IN,Newton,3.8,3,8.5
18113,IN,Noble,3.3,1.7,7.5
18115,IN,Ohio,2.5,4.1,8.8
18117,IN,Orange,4.2,3.3,9
18119,IN,Owen,3.6,4.7,9.1
18121,IN,Parke,2.9,3.7,9.1
18123,IN,Perry,3.1,0.2,8
18125,IN,Pike,3.4,-3.8,8.5
18127,IN,Porter,3.9,3.3,6.8
18129,IN,Posey,2.6,2.9,7.6
18131,IN,Pulaski,2.9,1.4,8.7
18133,IN,Putnam,3.1,4.6,7.3
18135,IN,Randolph,2.9,10.3,8.8
18137,IN,Ripley,2.8,1.1,7.9
18139,IN,Rush,2.8,3.6,8.5
18141,IN,St. Joseph,4.2,2.7,7
18143,IN,Scott,3.9,4.1,8.7
18145,IN,Shelby,3,4.7,7.7
18147,IN,Spencer,2.7,3.9,8.4
18149,IN,Starke,4.3,2.1,9.1
18151,IN,Steuben,2.5,4,8.2
18153,IN,Sullivan,3.8,1.7,8.3
18155,IN,Switzerland,3.5,2.1,9.8
18157,IN,Tippecanoe,3.3,5.2,5.5
18159,IN,Tipton,3,2.7,8.1
18161,IN,Union,2.4,3.5,8
18163,IN,Vanderburgh,3.6,3,7.4
18165,IN,Vermillion,4,2,8.8
18167,IN,Vigo,4.3,2.3,7.5
18169,IN,Wabash,2.9,3,8.6
18171,IN,Warren,2.6,3.3,8.2
18173,IN,Warrick,2.6,3.2,6.7
18175,IN,Washington,3.1,3.8,8.5
18177,IN,Wayne,3.6,1.1,8.3
18179,IN,Wells,2.6,3.3,7.8
18181,IN,White,2.6,2.3,8.4
18183,IN,Whitley,2.7,3.4,7.7
19001,IA,Adair,3.1,2.4,8.2
19003,IA,Adams,3,-0.8,8.5
19005,IA,Allamakee,4.6,-0.4,8.4
19007,IA,Appanoose,4.3,1.4,9.5
19009,IA,Audubon,3.2,0.5,8.7
19011,IA,Benton,4.5,0,7.1
19013,IA,Black Hawk,4.6,0.7,6.5
19015,IA,Boone,3.5,0.4,6.8
19017,IA,Bremer,3.2,0.7,6.5
19019,IA,Buchanan,3.7,0.5,6.9
19021,IA,Buena Vista,3.2,-0.5,7
19023,IA,Butler,3.8,2.7,8.1
19025,IA,Calhoun,3.9,-0.9,8.2
19027,IA,Carroll,3.1,0.3,7.8
19029,IA,Cass,3.7,-0.4,8.6
19031,IA,Cedar,3.8,-0.6,7.2
19033,IA,Cerro Gordo,4.3,-2.5,7.7
19035,IA,Cherokee,3.4,-1.5,8.5
19037,IA,Chickasaw,3.6,1.8,7.9
19039,IA,Clarke,4.3,1.6,8.5
19041,IA,Clay,3.6,1.3,7.7
19043,IA,Clayton,5.1,-0.6,9.2
19045,IA,Clinton,5.3,0.4,8.1
19047,IA,Crawford,5.2,-1.6,8
19049,IA,Dallas,2.9,2.1,4.7
19051,IA,Davis,3.3,1.1,7.6
19053,IA,Decatur,3.3,1.4,7.8
19055,IA,Delaware,3.3,0,7.7
19057,IA,Des Moines,6.3,-0.6,8.1
19059,IA,Dickinson,3.9,3.9,7.9
19061,IA,Dubuque,4.4,0.4,6.6
19063,IA,Emmet,4.1,-2.1,7.7
19065,IA,Fayette,4.7,-0.8,8.3
19067,IA,Floyd,4.3,0.4,8.1
19069,IA,Franklin,3.7,-0.3,8.7
19071,IA,Fremont,2.9,0,8.3
19073,IA,Greene,3.4,0.5,8
19075,IA,Grundy,3.6,0.6,7
19077,IA,Guthrie,4.2,1.8,8.1
19079,IA,Hamilton,4.2,0.1,7.4
19081,IA,Hancock,3.8,-0.6,8.1
19083,IA,Hardin,4.2,-0.2,8
19085,IA,Harrison,3.9,0.1,7.5
19087,IA,Henry,4.2,0.8,7.3
19089,IA,Howard,3.8,0.3,7.8
19091,IA,Humboldt,3.5,0.1,8.3
19093,IA,Ida,3.2,-0.4,8.2
19095,IA,Iowa,3.8,-1.1,7.2
19097,IA,Jackson,5,0.2,8.1
19099,IA,Jasper,4.3,-0.1,7.2
19101,IA,Jefferson,4.2,1,7.5
19103,IA,Johnson,3.7,-0.1,4.7
19105,IA,Jones,4.5,0,7.8
19107,IA,Keokuk,4.4,0.4,8.4
19109,IA,Kossuth,3.3,-0.5,8.7
19111,IA,Lee,5.9,-2.1,7.9
19113,IA,Linn,5,0,6
19115,IA,Louisa,4.3,-0.8,7.4
19117,IA,Lucas,3.1,-0.4,8.7
19119,IA,Lyon,2.3,0.9,7.2
19121,IA,Madison,4.5,2,6.3
19123,IA,Mahaska,3.7,1.2,7.3
19125,IA,Marion,3.1,3.7,6.6
19127,IA,Marshall,6.5,-1.4,7.3
19129,IA,Mills,3.5,0.2,7.1
19131,IA,Mitchell,3,-4.4,7.7
19133,IA,Monona,4.4,0.6,8.7
19135,IA,Monroe,4.1,0.3,7.8
19137,IA,Montgomery,4.1,0.3,8.4
19139,IA,Muscatine,4.7,-1.6,6.9
19141,IA,O'Brien,3,-0.6,7.9
19143,IA,Osceola,2.4,0.5,8.4
19145,IA,Page,4.1,1.5,7.9
19147,IA,Palo Alto,3.3,-0.9,7.4
19149,IA,Plymouth,3,0.6,7
19151,IA,Pocahontas,3.1,0,9
19153,IA,Polk,4.5,2.1,5.6
19155,IA,Pottawattamie,4.3,0.2,7.2
19157,IA,Poweshiek,4.4,2.4,7.1
19159,IA,Ringgold,3.4,0.2,8.8
19161,IA,Sac,3.3,0.2,8.6
19163,IA,Scott,5.4,0.9,6.5
19165,IA,Shelby,3.2,-0.7,8.1
19167,IA,Sioux,2.4,2.5,5.9
19169,IA,Story,3,1.1,4.7
19171,IA,Tama,4.7,-1.2,8
19173,IA,Taylor,3.1,0.6,8.1
19175,IA,Union,4.5,-0.6,7.7
19177,IA,Van Buren,3.8,-1.1,8.8
19179,IA,Wapello,5,-2,7.9
19181,IA,Warren,3.7,2.1,5.9
19183,IA,Washington,3.8,-0.1,7.3
19185,IA,Wayne,3.7,1,9.1
19187,IA,Webster,4.6,-1.1,7.5
19189,IA,Winnebago,4.2,-0.4,7.5
19191,IA,Winneshiek,4.1,2.3,7
19193,IA,Woodbury,4.3,0.7,6.4
19195,IA,Worth,4.2,-1.4,7.5
19197,IA,Wright,4.1,-5.1,9.1
20001,KS,Allen,3,4.4,8.5
20003,KS,Anderson,2.5,10.4,8.8
20005,KS,Atchison,3.8,1.3,7.1
20007,KS,Barber,1.9,0.8,9.8
20009,KS,Barton,2.9,-0.4,8.3
20011,KS,Bourbon,3.7,-0.7,8.5
20013,KS,Brown,2.7,1.8,8.7
20015,KS,Butler,3.5,3.3,6.7
20017,KS,Chase,2.4,-1.7,8.3
20019,KS,Chautauqua,4,0.6,11.1
20021,KS,Cherokee,2.9,1.6,8.5
20023,KS,Cheyenne,1.8,0.2,9.5
20025,KS,Clark,1.8,0.4,7.9
20027,KS,Clay,2.6,1.5,8.2
20029,KS,Cloud,2.8,2.8,8.6
20031,KS,Coffey,3.2,2.5,8.1
20033,KS,Comanche,2.1,4.2,8.9
20035,KS,Cowley,3.4,2.5,7.7
20037,KS,Crawford,3.2,2.3,6.9
20039,KS,Decatur,2.6,-0.7,10.2
20041,KS,Dickinson,3,4.4,7.9
20043,KS,Doniphan,2.7,1.5,8.1
20045,KS,Douglas,3.1,3.9,5
20047,KS,Edwards,2.1,1.1,8.9
20049,KS,Elk,2.8,1.2,11.3
20051,KS,Ellis,1.9,2.1,6.2
20053,KS,Ellsworth,2.2,0.7,7.6
20055,KS,Finney,2.1,-0.1,6.2
20057,KS,Ford,2.1,3.6,6.5
20059,KS,Franklin,3.1,4.4,7.4
20061,KS,Geary,4.3,0.7,4.6
20063,KS,Gove,1.9,1,9
20065,KS,Graham,2.9,1.3,10.5
20067,KS,Grant,3,-3.5,6.9
20069,KS,Gray,1.7,0.2,6.9
20071,KS,Greeley,1.2,0.9,8.4
20073,KS,Greenwood,2.8,-0.6,9.9
20075,KS,Hamilton,1.4,0.5,7.1
20077,KS,Harper,2.6,1.4,9.5
20079,KS,Harvey,2.9,3.3,7.6
20081,KS,Haskell,1.8,-0.4,7.5
20083,KS,Hodgeman,1.8,2.7,8.2
20085,KS,Jackson,2.6,2.8,7.9
20087,KS,Jefferson,3,2.8,7.4
20089,KS,Jewell,2.2,-0.4,11.2
20091,KS,Johnson,2.7,3.1,5
20093,KS,Kearny,1.6,2,7.9
20095,KS,Kingman,3.1,2.9,7.7
20097,KS,Kiowa,2.1,-1.1,8.2
20099,KS,Labette,3.4,-0.3,8.7
20101,KS,Lane,2,-0.3,8.9
20103,KS,Leavenworth,3.3,3.1,5.9
20105,KS,Lincoln,2.2,-2,9.1
20107,KS,Linn,4.3,2.9,9.3
20109,KS,Logan,1.6,2.2,8.4
20111,KS,Lyon,2.8,3.7,6.7
20113,KS,McPherson,2.1,1.2,7.4
20115,KS,Marion,2.4,2.5,8.5
20117,KS,Marshall,1.9,0.2,8.5
20119,KS,Meade,2.2,2.3,8.2
20121,KS,Miami,2.9,3.1,6.8
20123,KS,Mitchell,2,0.8,8.6
20125,KS,Montgomery,3.9,2.5,8.9
20127,KS,Morris,2.4,0.7,8.7
20129,KS,Morton,2.6,0.9,9.1
20131,KS,Nemaha,1.8,0.5,7.7
20133,KS,Neosho,4.3,0,8.4
20135,KS,Ness,2.2,-1.6,9.3
20137,KS,Norton,1.8,1.7,7.8
20139,KS,Osage,3,2.8,8.2
20141,KS,Osborne,1.8,0.3,9.5
20143,KS,Ottawa,2.8,1.2,8
20145,KS,Pawnee,2.2,0.6,8.3
20147,KS,Phillips,2.1,1,8.9
20149,KS,Pottawatomie,2.5,2.5,6.1
20151,KS,Pratt,2.2,1.1,7.8
20153,KS,Rawlins,1.6,6.6,9.8
20155,KS,Reno,3.2,2.3,8.2
20157,KS,Republic,2.3,2.7,9.3
20159,KS,Rice,2.4,6.3,7.7
20161,KS,Riley,2.8,2.6,4.3
20163,KS,Rooks,2.4,-1.2,8.4
20165,KS,Rush,2.4,2.9,8.8
20167,KS,Russell,2.4,3.3,9.1
20169,KS,Saline,3,2,7.5
20171,KS,Scott,1.6,1.1,8.4
20173,KS,Sedgwick,4.6,3.4,6.6
20175,KS,Seward,2.8,2,6.3
20177,KS,Shawnee,3.1,2.9,6.9
20179,KS,Sheridan,1.8,0.4,8.5
20181,KS,Sherman,2.5,0.2,7.5
20183,KS,Smith,1.7,1.9,9.7
20185,KS,Stafford,2.2,-0.8,8.8
20187,KS,Stanton,1.9,3.3,8.1
20189,KS,Stevens,2.1,3.5,7.8
20191,KS,Sumner,4.1,3.2,8.1
20193,KS,Thomas,1.8,1.5,6.8
20195,KS,Trego,2.1,-0.7,8.8
20197,KS,Wabaunsee,2.5,2.6,7.5
20199,KS,Wallace,1.7,6.3,8.9
20201,KS,Washington,1.7,0.6,8.8
20203,KS,Wichita,2,-5.2,8
20205,KS,Wilson,4,2.1,9.1
20207,KS,Woodson,3.5,0.3,9.6
20209,KS,Wyandotte,4.7,3.1,7.1
21001,KY,Adair,5,5.8,9.1
21003,KY,Allen,4,4.1,9
21005,KY,Anderson,4,3.9,7.8
21007,KY,Ballard,5,5.2,9.7
21009,KY,Barren,5.3,1.9,9.5
21011,KY,Bath,5.8,4.6,9.5
21013,KY,Bell,5.7,2.5,11.3
21015,KY,Boone,3.8,2.9,6.2
21017,KY,Bourbon,3.9,2.9,9.1
21019,KY,Boyd,6.2,1,9.1
21021,KY,Boyle,5,3,8.2
21023,KY,Bracken,4.7,3.1,9.1
21025,KY,Breathitt,8.6,1.7,10.4
21027,KY,Breckinridge,5.2,4.6,9.6
21029,KY,Bullitt,4.6,3.2,7.5
21031,KY,Butler,4.6,4.2,9.4
21033,KY,Caldwell,4.2,7.8,9.4
21035,KY,Calloway,4.5,0.6,7.4
21037,KY,Campbell,4,2.9,6.7
21039,KY,Carlisle,3.8,4.5,10.3
21041,KY,Carroll,4.1,3.6,9.1
21043,KY,Carter,7.8,3.5,10.1
21045,KY,Casey,4.1,3.7,11.5
21047,KY,Christian,5.8,3.4,6.8
21049,KY,Clark,4.4,2.6,8.3
21051,KY,Clay,6.8,2,10.5
21053,KY,Clinton,4.4,0.7,11.1
21055,KY,Crittenden,4.3,4.8,9.8
21057,KY,Cumberland,3.5,2.9,11
21059,KY,Daviess,4.3,2.6,8
21061,KY,Edmonson,5.1,4,9.8
21063,KY,Elliott,8.4,-1.5,10.7
21065,KY,Estill,5.2,2.3,10.7
21067,KY,Fayette,3.9,2.5,6.1
21069,KY,Fleming,4.9,1.3,9.5
21071,KY,Floyd,7.1,3.4,10.3
21073,KY,Franklin,4.4,3.9,7.4
21075,KY,Fulton,5.3,5.8,10.5
21077,KY,Gallatin,4.3,3,8.2
21079,KY,Garrard,4.5,3.3,8.8
21081,KY,Grant,4.5,2.9,7.6
21083,KY,Graves,4.4,3.5,9.3
21085,KY,Grayson,5.6,0.8,9.9
21087,KY,Green,3.7,2.2,11
21089,KY,Greenup,6.8,1,9.1
21091,KY,Hancock,4.4,2.6,8.7
21093,KY,Hardin,4.7,1.1,7
21095,KY,Harlan,8.6,2.5,11.3
21097,KY,Harrison,3.9,3.3,8.8
21099,KY,Hart,4.4,2.1,9.9
21101,KY,Henderson,4.5,2.1,8.5
21103,KY,Henry,4,3.3,8.9
21105,KY,Hickman,4.5,0.7,10.9
21107,KY,Hopkins,5.1,2.3,9.1
21109,KY,Jackson,6.3,3.8,10.5
21111,KY,Jefferson,4.8,3.2,7.1
21113,KY,Jessamine,4,2.6,7.2
21115,KY,Johnson,7.3,2.2,9.9
21117,KY,Kenton,4.2,2.8,6.5
21119,KY,Knott,7.2,0.8,11.3
21121,KY,Knox,6.2,3.7,10.4
21123,KY,Larue,4.9,1.6,8.7
21125,KY,Laurel,4.5,3.7,9
21127,KY,Lawrence,6.4,4.4,10.2
21129,KY,Lee,5.6,-0.5,11.5
21131,KY,Leslie,8.1,0.9,10.8
21133,KY,Letcher,7.6,2,11.1
21135,KY,Lewis,7.6,2.8,11.6
21137,KY,Lincoln,5.6,3,9.8
21139,KY,Livingston,6.1,5.2,9.6
21141,KY,Logan,3.8,3.3,8.9
21143,KY,Lyon,4.5,2.7,9.7
21145,KY,McCracken,5,5.2,8.6
21147,KY,McCreary,5.7,2.7,10.7
21149,KY,McLean,4.3,2.7,8.9
21151,KY,Madison,4.1,3.7,6.6
21153,KY,Magoffin,12.5,5.6,11.2
21155,KY,Marion,4.4,4.3,9
21157,KY,Marshall,4.7,-1,8.8
21159,KY,Martin,9.3,-2.9,8.8
21161,KY,Mason,5.5,1.5,8.6
21163,KY,Meade,5.3,1.1,7.3
21165,KY,Menifee,6.9,4.6,10.5
21167,KY,Mercer,4.6,3.4,8.5
21169,KY,Metcalfe,5.4,2.3,10.2
21171,KY,Monroe,4,3,10.3
21173,KY,Montgomery,5.3,4.6,8.4
21175,KY,Morgan,5.8,-0.7,9.2
21177,KY,Muhlenberg,6.6,1,9.1
21179,KY,Nelson,4.3,5,7.1
21181,KY,Nicholas,4.3,3.9,9.5
21183,KY,Ohio,5.5,-1.3,9.2
21185,KY,Oldham,3.6,3.2,5.9
21187,KY,Owen,4.3,2.2,9
21189,KY,Owsley,7,0.2,11.1
21191,KY,Pendleton,4.1,3,8.6
21193,KY,Perry,6.3,0.8,9.5
21195,KY,Pike,6.4,1.9,10.1
21197,KY,Powell,4.8,4.4,8.6
21199,KY,Pulaski,4.9,3.3,9.6
21201,KY,Robertson,4.2,3.5,10.9
21203,KY,Rockcastle,5,3.7,9.9
21205,KY,Rowan,5.3,1.8,7.4
21207,KY,Russell,5.4,3.6,10.1
21209,KY,Scott,3.7,2.6,5.9
21211,KY,Shelby,3.8,3.3,7.1
21213,KY,Simpson,4.2,7.1,7.8
21215,KY,Spencer,4.2,3.2,7.1
21217,KY,Taylor,3.9,-2.8,8.1
21219,KY,Todd,3.6,3.5,8.9
21221,KY,Trigg,5.1,3.5,9.6
21223,KY,Trimble,4.8,3.3,8.8
21225,KY,Union,4.4,3.6,7.9
21227,KY,Warren,4.3,4,6.5
21229,KY,Washington,3.9,4,8.4
21231,KY,Wayne,5.1,2.2,10.7
21233,KY,Webster,4.5,0.6,9.4
21235,KY,Whitley,5,3.6,8.8
21237,KY,Wolfe,5.9,8.7,13
21239,KY,Woodford,3.4,2.9,7.5
22001,LA,Acadia,4.9,4,8.9
22003,LA,Allen,5.5,1.5,7.9
22005,LA,Ascension,4.2,3.9,6.1
22007,LA,Assumption,7.2,3.2,9.7
22009,LA,Avoyelles,5.2,2.4,9.6
22011,LA,Beauregard,4.1,5.1,7.8
22013,LA,Bienville,5.7,0.2,11.1
22015,LA,Bossier,3.9,3.6,7.2
22017,LA,Caddo,6.2,3.7,8.3
22019,LA,Calcasieu,5.6,2.9,7.5
22021,LA,Caldwell,4.6,4.1,9.4
22023,LA,Cameron,3.5,2.8,8.7
22025,LA,Catahoula,5.1,3.7,9.3
22027,LA,Claiborne,4.9,2.4,11.1
22029,LA,Concordia,5.9,3.4,10.2
22031,LA,De Soto,4.8,3.6,9.1
22033,LA,East Baton Rouge,5.3,3.9,6.5
22035,LA,East Carroll,9.9,-0.6,11.5
22037,LA,East Feliciana,4.5,4,8.4
22039,LA,Evangeline,5.4,3.5,9.6
22041,LA,Franklin,5.8,4.7,10.2
22043,LA,Grant,4,4.4,8
22045,LA,Iberia,6.9,4.2,8.5
22047,LA,Iberville,7.2,3.8,8.1
22049,LA,Jackson,3.8,2.5,9.4
22051,LA,Jefferson,6,3.6,7.6
22053,LA,Jefferson Davis,4.7,3,8.5
22055,LA,Lafayette,4.5,4.1,6.7
22057,LA,Lafourche,4.6,1.3,8.2
22059,LA,La Salle,3.3,-0.3,8.4
22061,LA,Lincoln,4.3,3.2,6.8
22063,LA,Livingston,3.8,4,6.9
22065,LA,Madison,6.7,1,9.4
22067,LA,Morehouse,7.3,2.7,10.2
22069,LA,Natchitoches,4.7,4.5,8.6
22071,LA,Orleans,8.3,3.6,7
22073,LA,Ouachita,5,3.1,7.8
22075,LA,Plaquemines,4.3,3.5,7.5
22077,LA,Pointe Coupee,5.7,4,9.7
22079,LA,Rapides,4,4.3,8
22081,LA,Red River,4.3,4.9,9.8
22083,LA,Richland,5.2,3.5,9.7
22085,LA,Sabine,3.7,3.2,10.2
22087,LA,St. Bernard,6.8,3.7,7.6
22089,LA,St. Charles,5,3.6,6.7
22091,LA,St. Helena,9.2,4,9.6
22093,LA,St. James,7.4,3.4,8.4
22095,LA,St. John the Baptist,8.5,3.5,7.3
22097,LA,St. Landry,6.3,2.8,9.4
22099,LA,St. Martin,5.6,3.9,8.2
22101,LA,St. Mary,6.7,2.3,9.2
22103,LA,St. Tammany,3.8,3.7,7.1
22105,LA,Tangipahoa,6.4,4.1,7.5
22107,LA,Tensas,5.9,1.6,12.9
22109,LA,Terrebonne,5.8,1.2,8.2
22111,LA,Union,4.8,3.1,10.1
22113,LA,Vermilion,5,4.3,8.3
22115,LA,Vernon,4.6,4.8,6.4
22117,LA,Washington,5.9,4.7,9.9
22119,LA,Webster,5.5,3.6,10.7
22121,LA,West Baton Rouge,4.9,3.9,7
22123,LA,West Carroll,6.3,0.7,9.7
22125,LA,West Feliciana,3.7,3.9,7.3
22127,LA,Winn,4.8,1.2,9
23001,ME,Androscoggin,4.9,0.1,7.9
23003,ME,Aroostook,5.7,-1.1,9.9
23005,ME,Cumberland,4,2,6.3
23007,ME,Franklin,5.3,1.2,8.5
23009,ME,Hancock,5,2.7,8.2
23011,ME,Kennebec,4.3,0.3,8.2
23013,ME,Knox,4.4,2.3,8.4
23015,ME,Lincoln,4.4,2.5,8.9
23017,ME,Oxford,5.6,2.6,9
23019,ME,Penobscot,4.7,1.1,8.1
23021,ME,Piscataquis,5,4,10.7
23023,ME,Sagadahoc,3.7,0.2,7.8
23025,ME,Somerset,6.3,1.2,9.8
23027,ME,Waldo,4.7,1.4,8.3
23029,ME,Washington,6.5,0.1,10.4
23031,ME,York,4.5,2,7
24001,MD,Allegany,6.4,-1.3,7.9
24003,MD,Anne Arundel,4.7,-0.4,5.7
24005,MD,Baltimore,5.7,-0.5,6.1
24009,MD,Calvert,4.6,-1.3,5.8
24011,MD,Caroline,4.7,-0.6,7.6
24013,MD,Carroll,4.2,-0.3,6.1
24015,MD,Cecil,5.2,-1.1,6.7
24017,MD,Charles,5.7,-1.3,5.4
24019,MD,Dorchester,5.6,-0.9,8.5
24021,MD,Frederick,4.8,-0.9,5.6
24023,MD,Garrett,5.2,-0.1,8.7
24025,MD,Harford,4.8,-0.5,6.3
24027,MD,Howard,4.3,-0.4,4.8
24029,MD,Kent,5.5,-1.1,8.4
24031,MD,Montgomery,5.5,-0.9,5.2
24033,MD,Prince George's,7.5,-1.3,5.2
24035,MD,Queen Anne's,4.4,-0.2,6.8
24037,MD,St. Mary's,4.5,-1.2,5.9
24039,MD,Somerset,7.6,2.1,7.5
24041,MD,Talbot,5.3,-1.1,8.5
24043,MD,Washington,5.4,0.8,7.3
24045,MD,Wicomico,6.1,1.8,6.6
24047,MD,Worcester,8.2,1.9,8.6
24510,MD,Baltimore,7.6,-0.5,6.1
25001,MA,Barnstable,6.7,6.5,7.9
25003,MA,Berkshire,6.7,4,7.6
25005,MA,Bristol,6.5,4.7,6.6
25007,MA,Dukes,6.5,4.8,7.2
25009,MA,Essex,6.4,4.4,6.1
25011,MA,Franklin,5,4.6,7.3
25013,MA,Hampden,7.6,4.4,6.9
25015,MA,Hampshire,4.7,4.4,5.4
25017,MA,Middlesex,4.6,4,4.9
25019,MA,Nantucket,7.7,5.4,5.5
25021,MA,Norfolk,5.1,4.2,5.1
25023,MA,Plymouth,6.1,4.3,6.3
25025,MA,Suffolk,6,4.1,4.7
25027,MA,Worcester,5.9,4.1,6.1
26001,MI,Alcona,7.1,0.6,11.9
26003,MI,Alger,8,2.6,9.3
26005,MI,Allegan,4.7,0.8,7.1
26007,MI,Alpena,5.5,2.6,9.4
26009,MI,Antrim,7,1,9.2
26011,MI,Arenac,8.3,-0.2,10.1
26013,MI,Baraga,7.9,0.4,9.4
26015,MI,Barry,4.6,1.6,7.2
26017,MI,Bay,6.1,0.9,8.4
26019,MI,Benzie,6,1.8,8.8
26021,MI,Berrien,5.8,0,8.1
26023,MI,Branch,5,0.7,8.5
26025,MI,Calhoun,6.6,-0.1,7.7
26027,MI,Cass,5.1,-0.6,8.3
26029,MI,Charlevoix,6,2.3,8.4
26031,MI,Cheboygan,8.3,3.9,10
26033,MI,Chippewa,6.5,2.5,8.1
26035,MI,Clare,8,-0.4,10.5
26037,MI,Clinton,4.4,-0.7,6.7
26039,MI,Crawford,7.1,0.1,10.1
26041,MI,Delta,6.2,-0.2,9.3
26043,MI,Dickinson,4.8,3,8.6
26045,MI,Eaton,5.3,-0.8,6.8
26047,MI,Emmet,6.4,0,7.9
26049,MI,Genesee,7.6,1.6,7.8
26051,MI,Gladwin,7.1,1,10.7
26053,MI,Gogebic,5.5,-1.3,10.5
26055,MI,Grand Traverse,5,1.8,7.2
26057,MI,Gratiot,5.6,-1.3,7.6
26059,MI,Hillsdale,5.5,2.4,8.5
26061,MI,Houghton,5,1.5,7.3
26063,MI,Huron,5.4,0.1,9.8
26065,MI,Ingham,5.6,-0.8,5.8
26067,MI,Ionia,4.8,1.7,6.8
26069,MI,Iosco,7.2,1.2,11
26071,MI,Iron,6.1,-1.1,10.9
26073,MI,Isabella,5.3,0,6.2
26075,MI,Jackson,5.7,0.7,7.7
26077,MI,Kalamazoo,5,0.4,6.1
26079,MI,Kalkaska,7.3,1.8,9
26081,MI,Kent,4.7,1.6,5.8
26083,MI,Keweenaw,6.7,1.5,9.9
26085,MI,Lake,8.2,0.5,12.3
26087,MI,Lapeer,6.1,6,7.8
26089,MI,Leelanau,5.2,1.7,8.7
26091,MI,Lenawee,5.5,1.9,7.7
26093,MI,Livingston,4.2,6,6.5
26095,MI,Luce,7.1,-2.6,8.9
26097,MI,Mackinac,8.6,3,10.6
26099,MI,Macomb,5.9,6,6.8
26101,MI,Manistee,7.3,0.2,9.2
26103,MI,Marquette,5.4,0.3,7.2
26105,MI,Mason,6.4,1.5,9.3
26107,MI,Mecosta,6.4,0.3,7.8
26109,MI,Menominee,4.5,0.5,9.3
26111,MI,Midland,4.9,0.8,7.1
26113,MI,Missaukee,5.6,2.9,8.8
26115,MI,Monroe,6,0.7,7.4
26117,MI,Montcalm,5.6,1.6,7.8
26119,MI,Montmorency,9.4,2.5,11.4
26121,MI,Muskegon,7.5,2.1,7.5
26123,MI,Newaygo,5.6,1.7,8.6
26125,MI,Oakland,4.7,6,5.9
26127,MI,Oceana,7.4,0.2,9.1
26129,MI,Ogemaw,7.8,1.8,10.6
26131,MI,Ontonagon,7.6,2,12.3
26133,MI,Osceola,5.5,1.3,9.3
26135,MI,Oscoda,9.1,-1.8,11
26137,MI,Otsego,6.8,2.1,8.5
26139,MI,Ottawa,4.1,1.6,5.9
26141,MI,Presque Isle,7.9,1.2,10.9
26143,MI,Roscommon,9.6,-1.1,11.4
26145,MI,Saginaw,7.1,-0.1,8
26147,MI,St. Clair,5.9,6,8
26149,MI,St. Joseph,5.1,0.4,8.2
26151,MI,Sanilac,6.1,1.9,9.2
26153,MI,Schoolcraft,8,-1.1,10.5
26155,MI,Shiawassee,5.7,1.1,7.7
26157,MI,Tuscola,6.3,0.5,8.7
26159,MI,Van Buren,6.1,0.5,8.3
26161,MI,Washtenaw,4.3,0.7,5.1
26163,MI,Wayne,8,5.9,7.3
26165,MI,Wexford,6,3,8.4
27001,MN,Aitkin,4.7,0.2,10.6
27003,MN,Anoka,3.4,0.3,5.9
27005,MN,Becker,3.4,1.4,8.1
27007,MN,Beltrami,3.7,-1.4,7.4
27009,MN,Benton,4.3,-1.3,6.1
27011,MN,Big Stone,3.5,-4.9,9.6
27013,MN,Blue Earth,3.1,-1.5,5.6
27015,MN,Brown,3.1,-3.9,7.5
27017,MN,Carlton,4,-0.5,7.1
27019,MN,Carver,2.7,0,5
27021,MN,Cass,4.4,13,9.4
27023,MN,Chippewa,3,-2.7,8.4
27025,MN,Chisago,3.7,0.1,6.4
27027,MN,Clay,2.7,0.3,5.6
27029,MN,Clearwater,5.8,1.3,9
27031,MN,Cook,4.5,-0.5,8.3
27033,MN,Cottonwood,3.4,2.2,8.9
27035,MN,Crow Wing,4,1.5,7.8
27037,MN,Dakota,3.1,0.3,5.4
27039,MN,Dodge,3.1,-0.7,6.1
27041,MN,Douglas,2.8,-0.2,7.5
27043,MN,Faribault,3.8,-2.3,8.5
27045,MN,Fillmore,3,-1.7,8
27047,MN,Freeborn,3.5,-3.6,8.6
27049,MN,Goodhue,3.2,-0.4,7.2
27051,MN,Grant,3.7,-2.8,8.8
27053,MN,Hennepin,3.4,0.3,5.1
27055,MN,Houston,2.9,-0.8,7.7
27057,MN,Hubbard,4.1,2.5,8.7
27059,MN,Isanti,4.1,0.1,6.7
27061,MN,Itasca,4.7,-0.9,8.8
27063,MN,Jackson,3.1,-5.2,8.1
27065,MN,Kanabec,5.3,0,8.3
27067,MN,Kandiyohi,3.6,-6,7.4
27069,MN,Kittson,2.9,-5.7,8.6
27071,MN,Koochiching,4.4,-1.3,9.6
27073,MN,Lac qui Parle,2.8,-4.5,9.2
27075,MN,Lake,3.6,1.9,8.5
27077,MN,Lake of the Woods,3.7,-0.9,8.8
27079,MN,Le Sueur,4.1,-0.5,6.8
27081,MN,Lincoln,3.3,-4.9,9.1
27083,MN,Lyon,2.7,-3,6.9
27085,MN,McLeod,3.4,-0.9,7.3
27087,MN,Mahnomen,5.9,4.6,10.3
27089,MN,Marshall,4.2,-3.1,8.1
27091,MN,Martin,3.2,-4,8.6
27093,MN,Meeker,3.4,-1.4,7.7
27095,MN,Mille Lacs,5.2,-0.1,7.7
27097,MN,Morrison,4.4,-2.3,7.9
27099,MN,Mower,3.1,-1.7,7.7
27101,MN,Murray,3.8,-4.3,8.8
27103,MN,Nicollet,2.8,-1.7,5.9
27105,MN,Nobles,2.9,-3.6,7.9
27107,MN,Norman,3.9,-2.7,8.1
27109,MN,Olmsted,2.8,0.4,5.6
27111,MN,Otter Tail,3.4,-1.3,8.4
27113,MN,Pennington,3.7,0.4,7.2
27115,MN,Pine,5,-0.8,8.4
27117,MN,Pipestone,2.9,-4.3,8.4
27119,MN,Polk,3.8,-2.2,7.3
27121,MN,Pope,2.8,-2.7,8.2
27123,MN,Ramsey,3.8,0.3,5.6
27125,MN,Red Lake,4,-1.4,8.5
27127,MN,Redwood,3.4,-3.3,8.2
27129,MN,Renville,3.9,-2.4,8.3
27131,MN,Rice,3.2,-0.8,6.2
27133,MN,Rock,1.9,0.2,7.6
27135,MN,Roseau,2.9,0.2,7.3
27137,MN,St. Louis,3.8,-0.3,7.3
27139,MN,Scott,3,0.2,5
27141,MN,Sherburne,3.5,0.1,5.2
27143,MN,Sibley,3.6,-2.4,7.3
27145,MN,Stearns,3.6,-1.5,6.3
27147,MN,Steele,3.3,-1.1,7.2
27149,MN,Stevens,2.4,-4.2,6.3
27151,MN,Swift,3.7,-3.1,8.5
27153,MN,Todd,3.7,-3.3,9.2
27155,MN,Traverse,3.1,-6.1,8.9
27157,MN,Wabasha,3,-1.4,7.7
27159,MN,Wadena,4.5,0.4,8.7
27161,MN,Waseca,3.9,-3.2,7.1
27163,MN,Washington,2.9,0.2,5.4
27165,MN,Watonwan,3,-2.7,8.4
27167,MN,Wilkin,2.8,-3.2,7.5
27169,MN,Winona,2.9,-1.8,6.2
27171,MN,Wright,3.1,0,5.5
27173,MN,Yellow Medicine,3,-5.3,8.1
28001,MS,Adams,8.2,4.9,10
28003,MS,Alcorn,4.8,1.5,9.2
28005,MS,Amite,7.3,1.6,11.2
28007,MS,Attala,6,3,9.4
28009,MS,Benton,6.4,3.6,9
28011,MS,Bolivar,6.9,1.8,8.8
28013,MS,Calhoun,5.2,1.2,9.5
28015,MS,Carroll,5.8,4.3,10.1
28017,MS,Chickasaw,6.3,4.8,9.2
28019,MS,Choctaw,4.8,2.1,9.3
28021,MS,Claiborne,11.7,0.1,8.4
28023,MS,Clarke,6.3,1.6,9.3
28025,MS,Clay,7.2,7.6,8.9
28027,MS,Coahoma,8.8,0.8,9.4
28029,MS,Copiah,6.5,3,8.4
28031,MS,Covington,5.1,1.6,9.2
28033,MS,DeSoto,4.4,3.6,6.1
28035,MS,Forrest,5.7,4.9,7
28037,MS,Franklin,6.8,-0.4,10.1
28039,MS,George,7,0.9,8
28041,MS,Greene,7.6,0.9,7.4
28043,MS,Grenada,5,1.5,8.5
28045,MS,Hancock,5.8,5.2,8.5
28047,MS,Harrison,5.5,5.4,7.3
28049,MS,Hinds,6.2,3.2,6.9
28051,MS,Holmes,11,1.3,9.7
28053,MS,Humphreys,12.7,-3.3,11
28055,MS,Issaquena,9.3,-2,9.3
28057,MS,Itawamba,4.3,4.5,8.1
28059,MS,Jackson,6,5.4,7.5
28061,MS,Jasper,7.3,-1,9.3
28063,MS,Jefferson,16.6,-0.2,9.2
28065,MS,Jefferson Davis,7.7,0.6,10.1
28067,MS,Jones,5.7,-0.9,8.5
28069,MS,Kemper,7.4,1.3,9.6
28071,MS,Lafayette,4.1,7.2,5.8
28073,MS,Lamar,4.1,5,6.7
28075,MS,Lauderdale,5.4,1.6,8.2
28077,MS,Lawrence,6.9,1.9,9.1
28079,MS,Leake,5.6,1.9,9.1
28081,MS,Lee,4.6,4.6,6.8
28083,MS,Leflore,8.1,4.5,8.6
28085,MS,Lincoln,5,5.9,8.1
28087,MS,Lowndes,5.9,3.1,7.5
28089,MS,Madison,4.3,3.2,5.7
28091,MS,Marion,5.3,4.6,9.9
28093,MS,Marshall,5.8,3.6,8.7
28095,MS,Monroe,5.2,5.8,9.2
28097,MS,Montgomery,6.1,2.4,10.8
28099,MS,Neshoba,5.6,1.7,9.2
28101,MS,Newton,5.4,5.2,8.4
28103,MS,Noxubee,8.9,-2.6,9.2
28105,MS,Oktibbeha,5.5,5.4,5.5
28107,MS,Panola,7.1,3,9.1
28109,MS,Pearl River,5.6,3.3,8.6
28111,MS,Perry,6.5,4.8,9.5
28113,MS,Pike,7.1,1.8,9
28115,MS,Pontotoc,4.4,4.5,7.9
28117,MS,Prentiss,4.4,4.7,9.2
28119,MS,Quitman,8.5,2.6,10.4
28121,MS,Rankin,3.6,3.2,6.4
28123,MS,Scott,4.7,0.4,9
28125,MS,Sharkey,9.4,-2,10.2
28127,MS,Simpson,5.2,3,8.7
28129,MS,Smith,4.5,1.5,9.4
28131,MS,Stone,5.4,3.5,8.2
28133,MS,Sunflower,9.1,1.3,8.3
28135,MS,Tallahatchie,6.1,-4.4,8.5
28137,MS,Tate,5.6,3.4,7.8
28139,MS,Tippah,4.6,5.2,9
28141,MS,Tishomingo,4.6,2.9,10.2
28143,MS,Tunica,8.9,3.2,8.4
28145,MS,Union,4.1,4.2,8.1
28147,MS,Walthall,6.9,1.9,9.5
28149,MS,Warren,6.2,0.1,8.2
28151,MS,Washington,8.2,0.9,9.3
28153,MS,Wayne,6.7,1.3,8.9
28155,MS,Webster,5.4,4.8,8.2
28157,MS,Wilkinson,11.1,2.5,9.6
28159,MS,Winston,6.2,1.4,9.4
28161,MS,Yalobusha,5.5,3.7,9.5
28163,MS,Yazoo,7.3,2.8,8.7
29001,MO,Adair,4.3,-0.6,6.7
29003,MO,Andrew,3,0.4,7.7
29005,MO,Atchison,3.2,-1.4,9.7
29007,MO,Audrain,3.7,1.9,8.8
29009,MO,Barry,4.6,-1.5,9.7
29011,MO,Barton,3.4,2.3,9.8
29013,MO,Bates,4.3,1.8,9.2
29015,MO,Benton,5.7,3.3,11.8
29017,MO,Bollinger,4.2,1.2,10
29019,MO,Boone,3,4.6,5.5
29021,MO,Buchanan,3.8,0.6,7.8
29023,MO,Butler,4.7,1.2,9.6
29025,MO,Caldwell,5.1,1.7,9.6
29027,MO,Callaway,3.4,0.9,7.1
29029,MO,Camden,5,5,10.2
29031,MO,Cape Girardeau,3.6,1.8,7.2
29033,MO,Carroll,4.4,-1.2,9.3
29035,MO,Carter,5.2,3.5,9.5
29037,MO,Cass,3.9,2.6,7
29039,MO,Cedar,3.7,2.1,10.9
29041,MO,Chariton,3.3,1,9.8
29043,MO,Christian,3.2,3.8,6.9
29045,MO,Clark,4.6,0.5,10.3
29047,MO,Clay,4.9,2.7,6.1
29049,MO,Clinton,5.3,2.2,7.7
29051,MO,Cole,3.1,1,6.8
29053,MO,Cooper,3.6,0.8,8
29055,MO,Crawford,4.5,3.1,9.7
29057,MO,Dade,3.3,0.9,10.8
29059,MO,Dallas,4.3,3,10.3
29061,MO,Daviess,3.8,0.4,9.3
29063,MO,DeKalb,3.8,-0.1,8.1
29065,MO,Dent,4.3,-0.2,10.5
29067,MO,Douglas,4.3,4.1,11
29069,MO,Dunklin,6.1,-0.8,9.8
29071,MO,Franklin,4,2.7,7.7
29073,MO,Gasconade,3.6,2.6,9
29075,MO,Gentry,2.7,-1,9.1
29077,MO,Greene,3.4,3.8,6.8
29079,MO,Grundy,3.6,-1.3,9.8
29081,MO,Harrison,3.5,0.4,10.3
29083,MO,Henry,4,6.4,9.7
29085,MO,Hickory,4,3.6,12.7
29087,MO,Holt,2.9,-2,10
29089,MO,Howard,3.2,2,8
29091,MO,Howell,4.8,1.8,9.8
29093,MO,Iron,5.8,1.5,10.2
29095,MO,Jackson,5.5,2.7,7
29097,MO,Jasper,3.7,4.2,7.7
29099,MO,Jefferson,4.1,2.9,7.2
29101,MO,Johnson,4.4,1.4,5.9
29103,MO,Knox,3.1,0,10.4
29105,MO,Laclede,4.3,3,8.8
29107,MO,Lafayette,4.3,2.1,8.4
29109,MO,Lawrence,4,1.2,9.2
29111,MO,Lewis,3.5,-0.8,8.8
29113,MO,Lincoln,4.6,2.6,7
29115,MO,Linn,5.4,1.3,9.2
29117,MO,Livingston,3,0.3,8.6
29119,MO,McDonald,3.9,4.1,9.3
29121,MO,Macon,3.7,0.4,9.2
29123,MO,Madison,4.4,2.6,8.8
29125,MO,Maries,3.8,1.1,9.7
29127,MO,Marion,3.5,1.2,8.3
29129,MO,Mercer,2.9,-2.5,9.8
29131,MO,Miller,4.1,4.8,8.7
29133,MO,Mississippi,4.7,-2.7,10
29135,MO,Moniteau,3.4,0.2,7.6
29137,MO,Monroe,4.4,1.8,10.2
29139,MO,Montgomery,3.7,2.7,9.4
29141,MO,Morgan,4.7,5.8,11.2
29143,MO,New Madrid,4.8,0.3,9.9
29145,MO,Newton,3.8,3.9,8.3
29147,MO,Nodaway,2.9,2.3,6.5
29149,MO,Oregon,5.3,-0.3,11.7
29151,MO,Osage,2.6,0.5,7.6
29153,MO,Ozark,5.5,1.2,13.7
29155,MO,Pemiscot,7.3,-2.2,10.3
29157,MO,Perry,3.2,2.2,8.2
29159,MO,Pettis,4.7,0.8,8
29161,MO,Phelps,3.7,2.6,7.5
29163,MO,Pike,3.9,0.5,8.9
29165,MO,Platte,4,2.6,5.8
29167,MO,Polk,3.5,3.3,8.2
29169,MO,Pulaski,4.4,1.7,4.7
29171,MO,Putnam,3.1,-0.2,9.7
29173,MO,Ralls,3.4,0.9,9.2
29175,MO,Randolph,4.2,3.3,7.8
29177,MO,Ray,6.5,2.5,8.4
29179,MO,Reynolds,4.1,2,10.8
29181,MO,Ripley,5.5,3.8,11
29183,MO,St. Charles,3.5,2.7,5.9
29185,MO,St. Clair,4.5,3.7,11.2
29186,MO,Ste. Genevieve,3.4,2,8.6
29187,MO,St. Francois,4.8,1.4,8.2
29189,MO,St. Louis,4.5,2.8,6.5
29195,MO,Saline,3.5,0.4,8.2
29197,MO,Schuyler,4.3,-1.3,9.1
29199,MO,Scotland,2.6,-2.1,9.4
29201,MO,Scott,3.9,3.2,8.9
29203,MO,Shannon,5.6,2.4,11.1
29205,MO,Shelby,3.3,-0.3,10
29207,MO,Stoddard,4.5,2.5,9.9
29209,MO,Stone,6.6,6.9,11.1
29211,MO,Sullivan,4.9,-4.3,9.3
29213,MO,Taney,7.5,7.1,9.1
29215,MO,Texas,4.6,2,10.6
29217,MO,Vernon,3.4,1.3,9.5
29219,MO,Warren,4.1,2.6,8.1
29221,MO,Washington,5.1,2.3,9.4
29223,MO,Wayne,5,-2.5,12
29225,MO,Webster,3.4,3.2,8.3
29227,MO,Worth,2.5,2.6,10.1
29229,MO,Wright,4,6.2,10.6
29510,MO,St. Louis,6.4,2.8,6.4
30001,MT,Beaverhead,2.8,2.3,7.8
30003,MT,Big Horn,7.8,-4.7,8.8
30005,MT,Blaine,3.8,-0.6,8.6
30007,MT,Broadwater,4,3,8.1
30009,MT,Carbon,3.4,3,8.2
30011,MT,Carter,2.6,0.6,9.1
30013,MT,Cascade,3.3,2.4,7
30015,MT,Chouteau,2.7,0.5,8.3
30017,MT,Custer,3.1,1.6,7.2
30019,MT,Daniels,1.9,-0.9,8.7
30021,MT,Dawson,3.1,-1.1,7.2
30023,MT,Deer Lodge,3.3,2.2,9.5
30025,MT,Fallon,2.6,-0.6,7.1
30027,MT,Fergus,3.3,0.8,8.3
30029,MT,Flathead,4,6.9,7
30031,MT,Gallatin,2.4,7,4.6
30033,MT,Garfield,2.6,-0.4,8.7
30035,MT,Glacier,7,3.1,8.7
30037,MT,Golden Valley,3.5,2.3,9.7
30039,MT,Granite,4.4,5.1,9.5
30041,MT,Hill,3.1,0.9,7.3
30043,MT,Jefferson,3.2,3.2,7.1
30045,MT,Judith Basin,2.7,-1.4,9.1
30047,MT,Lake,3.8,4.4,8.6
30049,MT,Lewis and Clark,3,3.4,6.4
30051,MT,Liberty,2.4,1.4,9.5
30053,MT,Lincoln,6,4.2,10.4
30055,MT,McCone,1.8,2,8.5
30057,MT,Madison,3.2,3.1,8.2
30059,MT,Meagher,2.5,5.2,9.3
30061,MT,Mineral,5.3,10.1,10.4
30063,MT,Missoula,3.4,3.9,5.4
30065,MT,Musselshell,4.2,2.5,9.5
30067,MT,Park,3.5,6.8,7.6
30069,MT,Petroleum,2.6,0.8,10
30071,MT,Phillips,3.8,-1.3,8.8
30073,MT,Pondera,3.2,0.2,8.3
30075,MT,Powder River,2.7,1.6,9.1
30077,MT,Powell,2.6,3.9,8
30079,MT,Prairie,3.6,8.2,11.5
30081,MT,Ravalli,3.6,4.6,8.5
30083,MT,Richland,4,1.1,6.3
30085,MT,Roosevelt,4.2,-1,8.5
30087,MT,Rosebud,4,-2.9,8.1
30089,MT,Sanders,4.8,5.4,11
30091,MT,Sheridan,3.3,2.6,8.3
30093,MT,Silver Bow,3.6,3.8,7.3
30095,MT,Stillwater,2.9,4.5,7.6
30097,MT,Sweet Grass,2.4,3.7,8.6
30099,MT,Teton,3.1,2.2,8.5
30101,MT,Toole,2.6,-2.1,7.7
30103,MT,Treasure,3.2,1.8,9.5
30105,MT,Valley,3.1,0.2,9
30107,MT,Wheatland,5.3,1.6,10
30109,MT,Wibaux,3.8,-4.9,8.8
30111,MT,Yellowstone,3.2,3.1,6.2
31001,NE,Adams,2.4,1.1,7.1
31003,NE,Antelope,1.7,-5.6,8.7
31005,NE,Arthur,2.6,2.7,8.2
31007,NE,Banner,2.1,0,7.9
31009,NE,Blaine,2.4,-1.6,7.6
31011,NE,Boone,1.6,1.2,8.4
31013,NE,Box Butte,2.4,3.8,7.5
31015,NE,Boyd,2,-0.9,9.5
31017,NE,Brown,2.3,1.4,9
31019,NE,Buffalo,2,3.2,6
31021,NE,Burt,2.4,3.8,8.8
31023,NE,Butler,2.2,3,7.5
31025,NE,Cass,2.7,2.3,6.7
31027,NE,Cedar,1.8,3.2,7.7
31029,NE,Chase,1.6,-1,7.9
31031,NE,Cherry,1.6,3,8.7
31033,NE,Cheyenne,2.8,1,7.6
31035,NE,Clay,2.3,-0.4,7.7
31037,NE,Colfax,1.9,1.9,7
31039,NE,Cuming,1.7,1.8,7.8
31041,NE,Custer,1.6,1,8.4
31043,NE,Dakota,3,2.8,6.4
31045,NE,Dawes,1.9,1.5,6.4
31047,NE,Dawson,2.1,2.4,7.1
31049,NE,Deuel,2.1,2,8.8
31051,NE,Dixon,2.1,2.1,7.8
31053,NE,Dodge,2.4,1.7,7.5
31055,NE,Douglas,3,2.4,5.1
31057,NE,Dundy,1.6,0.8,8.7
31059,NE,Fillmore,1.9,3.6,7.5
31061,NE,Franklin,2.2,2.9,10
31063,NE,Frontier,1.7,2.4,8.1
31065,NE,Furnas,1.9,-0.5,8.8
31067,NE,Gage,2.4,1.3,8
31069,NE,Garden,2.1,5,9.6
31071,NE,Garfield,2,-1,8.9
31073,NE,Gosper,1.7,9.8,8.1
31075,NE,Grant,1.4,2.4,9.1
31077,NE,Greeley,1.9,1.1,8.9
31079,NE,Hall,2.9,3.8,6.6
31081,NE,Hamilton,2.1,3.3,6.7
31083,NE,Harlan,1.9,3.5,8.9
31085,NE,Hayes,1.3,-1.8,10.3
31087,NE,Hitchcock,2.3,1.4,9
31089,NE,Holt,1.7,0.1,8
31091,NE,Hooker,1.6,6,8.9
31093,NE,Howard,2.2,3.3,7.7
31095,NE,Jefferson,1.8,0.8,8.6
31097,NE,Johnson,2.9,-2.1,6.9
31099,NE,Kearney,1.8,1.5,7.4
31101,NE,Keith,2,1.5,9.3
31103,NE,Keya Paha,1.7,1.4,10.9
31105,NE,Kimball,2.2,-0.1,9.7
31107,NE,Knox,2,1.9,8.9
31109,NE,Lancaster,2.4,1.9,5.2
31111,NE,Lincoln,2.2,2.1,7.6
31113,NE,Logan,1.7,-0.2,8.5
31115,NE,Loup,2,-1,8.9
31117,NE,McPherson,1.6,-1.4,8.5
31119,NE,Madison,2.4,2.8,6.5
31121,NE,Merrick,2.3,3.2,7.9
31123,NE,Morrill,2.5,1.1,7.9
31125,NE,Nance,1.9,1.1,8.1
31127,NE,Nemaha,2.2,2.4,7.4
31129,NE,Nuckolls,1.8,1.8,9.1
31131,NE,Otoe,2.3,3,7.6
31133,NE,Pawnee,1.8,2.6,10.9
31135,NE,Perkins,1.4,1.1,7.6
31137,NE,Phelps,1.7,0.4,7.5
31139,NE,Pierce,2.1,1.5,7.3
31141,NE,Platte,2.1,3.7,6.7
31143,NE,Polk,1.9,1.3,8
31145,NE,Red Willow,2,0.9,7.6
31147,NE,Richardson,2.4,2.1,9.1
31149,NE,Rock,1.3,0.8,8.1
31151,NE,Saline,2.3,0.3,7.2
31153,NE,Sarpy,2.4,2.3,5
31155,NE,Saunders,2.2,2.3,6.7
31157,NE,Scotts Bluff,2.8,0.7,7.4
31159,NE,Seward,2.5,1.7,6.3
31161,NE,Sheridan,1.8,1.3,9.7
31163,NE,Sherman,2.1,2.5,9
31165,NE,Sioux,1.8,0.8,10.4
31167,NE,Stanton,2.1,3,7.1
31169,NE,Thayer,1.7,-2.6,8.7
31171,NE,Thomas,2.6,1.5,8
31173,NE,Thurston,3.3,4.1,7.6
31175,NE,Valley,2.1,-0.3,8.1
31177,NE,Washington,2.3,2.2,6.5
31179,NE,Wayne,1.9,1.3,5.8
31181,NE,Webster,2,1.5,8.1
31183,NE,Wheeler,1.2,-0.5,9.9
31185,NE,York,1.9,1.5,7.2
32001,NV,Churchill,3.5,4.1,7.9
32003,NV,Clark,8.3,8.2,6.8
32005,NV,Douglas,4.5,4.6,8.9
32007,NV,Elko,3.3,1.6,6.5
32009,NV,Esmeralda,3.8,3.8,13.4
32011,NV,Eureka,2.6,4.4,9.1
32013,NV,Humboldt,3.4,3.6,7.4
32015,NV,Lander,3.6,3.1,8.5
32017,NV,Lincoln,3.4,8.1,8.9
32019,NV,Lyon,5.2,7.7,8.4
32021,NV,Mineral,3.8,0.7,11.6
32023,NV,Nye,6.1,4,11
32027,NV,Pershing,3.6,4.2,7.7
32029,NV,Storey,4.6,6.4,9.4
32031,NV,Washoe,4.3,6.2,6.7
32033,NV,White Pine,3,3.1,8.2
32510,NV,Carson,4.8,4.6,8
33001,NH,Belknap,3.7,3.9,7.6
33003,NH,Carroll,3.8,4.6,8.5
33005,NH,Cheshire,3.9,2.1,7
33007,NH,Coos,4.4,4.6,9
33009,NH,Grafton,3.3,4.1,6.9
33011,NH,Hillsborough,3.6,2.6,6.1
33013,NH,Merrimack,3.2,1.4,6.2
33015,NH,Rockingham,3.5,3.4,6
33017,NH,Strafford,3.3,2.7,5.8
33019,NH,Sullivan,3.3,2.2,7.8
34001,NJ,Atlantic,9.5,8.4,7.6
34003,NJ,Bergen,6,3.3,5.5
34005,NJ,Burlington,5.3,4.2,6.2
34007,NJ,Camden,6.8,4.1,6.2
34009,NJ,Cape May,8.9,9.2,8.6
34011,NJ,Cumberland,7.7,3.6,7.5
34013,NJ,Essex,8,3.4,6.1
34015,NJ,Gloucester,6,4.1,6
34017,NJ,Hudson,6.8,3.2,4.8
34019,NJ,Hunterdon,4.6,3.5,6.2
34021,NJ,Mercer,5.2,2.9,5.8
34023,NJ,Middlesex,5.7,4.4,5.8
34025,NJ,Monmouth,5.5,4.5,6.2
34027,NJ,Morris,5,3.4,5.7
34029,NJ,Ocean,6,4.4,7.8
34031,NJ,Passaic,8.4,3.2,6.4
34033,NJ,Salem,7.3,1.8,7.7
34035,NJ,Somerset,5.1,3.4,5.5
34037,NJ,Sussex,5.9,3.5,6.5
34039,NJ,Union,6.7,3.3,5.8
34041,NJ,Warren,5.5,4.6,6.7
35001,NM,Bernalillo,6.2,3.4,5.8
35003,NM,Catron,6.2,4.3,13.9
35005,NM,Chaves,7.1,1.4,7.3
35006,NM,Cibola,9.3,-1.4,8.3
35007,NM,Colfax,5.9,11.9,9.7
35009,NM,Curry,4.9,1.1,6.1
35011,NM,De Baca,5.1,-2.3,10
35013,NM,Doña Ana,6.6,2.8,6.5
35015,NM,Eddy,6.4,-4.4,6.3
35017,NM,Grant,7.3,-1.3,9.6
35019,NM,Guadalupe,7,9,7.3
35021,NM,Harding,4.6,1.1,12.1
35023,NM,Hidalgo,5.4,-1.1,8.9
35025,NM,Lea,9.6,-2.7,5.9
35027,NM,Lincoln,7.5,3.3,9.1
35028,NM,Los Alamos,3,3.2,4.8
35029,NM,Luna,15.2,-1.4,9.6
35031,NM,McKinley,9.6,-0.2,9
35033,NM,Mora,6.2,0.1,9.3
35035,NM,Otero,6.6,1.1,7.3
35037,NM,Quay,7.1,-2.5,9.8
35039,NM,Rio Arriba,7,1.5,8.1
35041,NM,Roosevelt,5.6,1.5,6.5
35043,NM,Sandoval,6.6,3.4,6.6
35045,NM,San Juan,8,0.7,7.7
35047,NM,San Miguel,7.3,0.1,8.3
35049,NM,Santa Fe,6.2,4,7.1
35051,NM,Sierra,8.1,1,11.7
35053,NM,Socorro,6.3,0.7,8.6
35055,NM,Taos,8.9,2.2,8.6
35057,NM,Torrance,7.9,3.1,8.7
35059,NM,Union,4.2,-2.7,8.2
35061,NM,Valencia,6.9,3.4,7.1
36001,NY,Albany,4.4,1,5.8
36003,NY,Allegany,5,1.2,7.6
36005,NY,Bronx,13.6,1.3,6.4
36007,NY,Broome,5.2,1,7.5
36009,NY,Cattaraugus,5.3,1.8,8.3
36011,NY,Cayuga,4.7,0.5,7.8
36013,NY,Chautauqua,5.6,1.2,8.2
36015,NY,Chemung,5.3,-0.5,7.6
36017,NY,Chenango,4.4,0.1,8.4
36019,NY,Clinton,4.6,0.9,7
36021,NY,Columbia,3.8,0.2,8
36023,NY,Cortland,5.1,-0.2,6.5
36025,NY,Delaware,4.6,2.3,9
36027,NY,Dutchess,4.4,1.5,6.2
36029,NY,Erie,5.5,1.8,6.6
36031,NY,Essex,4.7,2.8,8.1
36033,NY,Franklin,4.7,1.7,7.6
36035,NY,Fulton,5.5,0.5,8.1
36037,NY,Genesee,4.3,2.2,7.3
36039,NY,Greene,4.9,2,7.9
36041,NY,Hamilton,4.4,4.4,10.4
36043,NY,Herkimer,5.8,0.6,8
36045,NY,Jefferson,5,2.9,6.1
36047,NY,Kings,10.1,1.4,5.8
36049,NY,Lewis,5,2,8.1
36051,NY,Livingston,4.3,1.2,6.7
36053,NY,Madison,4.5,0.9,6.9
36055,NY,Monroe,5.2,1.8,6.4
36057,NY,Montgomery,5.7,0.5,8
36059,NY,Nassau,4.5,3.6,5.6
36061,NY,New York,7.6,1.4,5
36063,NY,Niagara,5.7,1.7,7.3
36065,NY,Oneida,5.1,0.7,7.3
36067,NY,Onondaga,4.9,1.4,6.3
36069,NY,Ontario,4.3,1.5,6.9
36071,NY,Orange,4.7,2,6
36073,NY,Orleans,5.2,0.9,7.9
36075,NY,Oswego,5.5,1.3,7.4
36077,NY,Otsego,4.4,1.6,7.4
36079,NY,Putnam,4.2,1.6,5.9
36081,NY,Queens,9.6,1.4,6
36083,NY,Rensselaer,4.4,1,6.4
36085,NY,Richmond,8.7,1.3,6
36087,NY,Rockland,4.4,2.2,6.3
36089,NY,St. Lawrence,5.1,1.2,7.4
36091,NY,Saratoga,3.8,1,6.2
36093,NY,Schenectady,4.9,1,6.5
36095,NY,Schoharie,4.5,0.6,7.9
36097,NY,Schuyler,4.9,2,8.4
36099,NY,Seneca,4.7,0.1,7.8
36101,NY,Steuben,5,0.2,7.8
36103,NY,Suffolk,4.6,3.5,5.8
36105,NY,Sullivan,4.9,2.8,7.5
36107,NY,Tioga,4.4,0.8,7.8
36109,NY,Tompkins,3.7,1,5.1
36111,NY,Ulster,4.7,2,7.1
36113,NY,Warren,4.9,2.5,7.3
36115,NY,Washington,4.6,1.9,7.6
36117,NY,Wayne,4.5,1.2,7.4
36119,NY,Westchester,4.8,2.3,5.7
36121,NY,Wyoming,4.5,1.5,7.1
36123,NY,Yates,3.8,0.5,8
37001,NC,Alamance,4.8,5.1,7.3
37003,NC,Alexander,4.2,4.3,8.5
37005,NC,Alleghany,4.6,5.6,11.2
37007,NC,Anson,6.3,1.3,8.7
37009,NC,Ashe,4,5.3,9.6
37011,NC,Avery,3.9,6.4,8.5
37013,NC,Beaufort,4.8,4.8,9.4
37015,NC,Bertie,5.9,-2.1,10.1
37017,NC,Bladen,5.8,2.5,9.9
37019,NC,Brunswick,6,7.5,9.5
37021,NC,Buncombe,4.2,6.3,7.2
37023,NC,Burke,4.5,4.4,9.1
37025,NC,Cabarrus,4.4,4.8,5.9
37027,NC,Caldwell,4.9,4.4,8.9
37029,NC,Camden,3.9,3,7.2
37031,NC,Carteret,4.1,4.8,8.5
37033,NC,Caswell,5.3,3.3,8.9
37035,NC,Catawba,4.7,4.3,7.5
37037,NC,Chatham,3.6,5.9,8.2
37039,NC,Cherokee,5,2.4,10.9
37041,NC,Chowan,4.9,5,9.7
37043,NC,Clay,4.9,2.4,10.5
37045,NC,Cleveland,5.3,3.7,8.3
37047,NC,Columbus,6.3,3.9,9.5
37049,NC,Craven,4.7,4,7.6
37051,NC,Cumberland,6.9,3.9,6.2
37053,NC,Currituck,4.1,3.2,6.9
37055,NC,Dare,6,7,7.5
37057,NC,Davidson,4.5,4.4,8
37059,NC,Davie,4.3,4.3,8.3
37061,NC,Duplin,4.4,1.8,9.1
37063,NC,Durham,4.1,5.6,5.3
37065,NC,Edgecombe,8.5,3.4,9.1
37067,NC,Forsyth,4.9,4.3,6.9
37069,NC,Franklin,4.7,6.4,7.4
37071,NC,Gaston,5.2,4.9,7.2
37073,NC,Gates,4.3,3,8.8
37075,NC,Graham,6.9,4.3,9.7
37077,NC,Granville,4,4,7.6
37079,NC,Greene,4.1,2.9,8.4
37081,NC,Guilford,5.6,3.9,6.5
37083,NC,Halifax,7.5,0.3,10.2
37085,NC,Harnett,5.3,4.9,6.5
37087,NC,Haywood,4.2,6.2,8.8
37089,NC,Henderson,4.1,6.2,8.4
37091,NC,Hertford,6.5,-1.9,9
37093,NC,Hoke,6.4,3.9,6
37095,NC,Hyde,6.5,5.1,9.4
37097,NC,Iredell,4.6,4.9,6.6
37099,NC,Jackson,4.5,4.9,7.7
37101,NC,Johnston,4.2,6.4,6.6
37103,NC,Jones,4.2,4,10.1
37105,NC,Lee,5.4,3.3,7.7
37107,NC,Lenoir,5,1.7,9.3
37109,NC,Lincoln,4.1,5,7.5
37111,NC,McDowell,4.5,2.3,8.8
37113,NC,Macon,4.2,4.6,10.2
37115,NC,Madison,4.3,6.2,8.4
37117,NC,Martin,5.5,1.2,10
37119,NC,Mecklenburg,4.9,4.9,4.9
37121,NC,Mitchell,5.1,5.9,9.1
37123,NC,Montgomery,4.7,2.3,8.8
37125,NC,Moore,4.6,4.3,7.8
37127,NC,Nash,6.3,3.4,7.9
37129,NC,New Hanover,4.2,6.8,6.5
37131,NC,Northampton,6.2,0.4,10.7
37133,NC,Onslow,5.1,5.8,4.8
37135,NC,Orange,3.5,5.7,5.2
37137,NC,Pamlico,4.3,3.9,10.4
37139,NC,Pasquotank,5.4,3.1,7.1
37141,NC,Pender,4.2,6.8,7.6
37143,NC,Perquimans,5.3,3.4,9.8
37145,NC,Person,5,5.5,8.2
37147,NC,Pitt,5,3.5,6.1
37149,NC,Polk,4.7,5.1,9.5
37151,NC,Randolph,4.7,3.9,8.3
37153,NC,Richmond,7.3,2.3,8.7
37155,NC,Robeson,7.6,0.9,9.3
37157,NC,Rockingham,5.5,4,8.8
37159,NC,Rowan,5,4.9,7.9
37161,NC,Rutherford,6.5,4.1,9.3
37163,NC,Sampson,4.5,2.2,8.6
37165,NC,Scotland,9.5,3.3,9.4
37167,NC,Stanly,4.4,3.8,7.9
37169,NC,Stokes,4.2,4.5,9
37171,NC,Surry,4.4,3.4,9
37173,NC,Swain,4.5,5.4,9.1
37175,NC,Transylvania,4.1,4.5,9.8
37177,NC,Tyrrell,7,6.3,9.4
37179,NC,Union,3.9,5,5.8
37181,NC,Vance,7.9,3.2,8.7
37183,NC,Wake,4,6.4,4.8
37185,NC,Warren,7.7,3.8,10.6
37187,NC,Washington,6.9,1.6,10.7
37189,NC,Watauga,3.7,7.5,6.5
37191,NC,Wayne,5,2.8,7.7
37193,NC,Wilkes,4.7,0.9,9.1
37195,NC,Wilson,6.7,1.6,8.7
37197,NC,Yadkin,4.2,4.3,8.8
37199,NC,Yancey,4.3,3.2,9.5
38001,ND,Adams,3.4,-4,9.6
38003,ND,Barnes,3.1,2,7.7
38005,ND,Benson,5,1.1,10
38007,ND,Billings,2.9,1.9,8.2
38009,ND,Bottineau,4.8,0.3,8.3
38011,ND,Bowman,2.5,-2.4,8.2
38013,ND,Burke,4.3,1.7,7.9
38015,ND,Burleigh,3.1,2,6.2
38017,ND,Cass,2.9,2.4,4.9
38019,ND,Cavalier,3.1,-2,9.4
38021,ND,Dickey,2.7,-1.6,7.6
38023,ND,Divide,2.4,0,9.7
38025,ND,Dunn,3.3,-0.7,7.3
38027,ND,Eddy,4,-0.8,9
38029,ND,Emmons,4.6,-0.1,9.9
38031,ND,Foster,2.8,-2.7,8.3
38033,ND,Golden Valley,2.7,-2.7,9
38035,ND,Grand Forks,3.2,0.9,5.6
38037,ND,Grant,2.7,2.7,10.6
38039,ND,Griggs,2.8,0.1,9.1
38041,ND,Hettinger,3.2,0.4,9.1
38043,ND,Kidder,5.2,1.3,10
38045,ND,LaMoure,2.3,-0.9,9.9
38047,ND,Logan,3,0.1,9.6
38049,ND,McHenry,4.3,1.6,8.3
38051,ND,McIntosh,3.5,-1,10.9
38053,ND,McKenzie,5.5,-7.6,5.5
38055,ND,McLean,3.7,-2.3,8.5
38057,ND,Mercer,4.7,1.6,8.2
38059,ND,Morton,3.8,1.8,6.6
38061,ND,Mountrail,3.5,-4.9,6.6
38063,ND,Nelson,3.7,0.2,9
38065,ND,Oliver,3.8,1.2,9
38067,ND,Pembina,4.8,-1.5,8.9
38069,ND,Pierce,3.4,-1.1,8.7
38071,ND,Ramsey,3.3,0.8,8.1
38073,ND,Ransom,2.6,-5.6,8.3
38075,ND,Renville,3.4,-1.2,7.8
38077,ND,Richland,2.7,1.3,7.4
38079,ND,Rolette,10.6,2.8,9.2
38081,ND,Sargent,2.7,-13.8,7.7
38083,ND,Sheridan,5.3,-2.6,10.7
38085,ND,Sioux,3.5,1.6,9.5
38087,ND,Slope,2.8,-9.7,9
38089,ND,Stark,4.7,-2.6,6.2
38091,ND,Steele,3,-3.3,8.5
38093,ND,Stutsman,3,-1.3,7.5
38095,ND,Towner,3.3,-2.2,9.7
38097,ND,Traill,3,-0.4,7.2
38099,ND,Walsh,4.6,1.6,8.7
38101,ND,Ward,4.3,0.7,5.2
38103,ND,Wells,4.2,-1,9.4
38105,ND,Williams,6.7,-7.5,5
39001,OH,Adams,6.3,4.3,9.9
39003,OH,Allen,5.7,2.6,8.7
39005,OH,Ashland,4.3,2.5,8.5
39007,OH,Ashtabula,5.5,2.3,10.1
39009,OH,Athens,5.6,-0.9,7
39011,OH,Auglaize,3.7,2.8,8
39013,OH,Belmont,6.1,2.3,8.9
39015,OH,Brown,5.3,4,9.2
39017,OH,Butler,4.5,3.9,6.7
39019,OH,Carroll,5.7,2.5,9.7
39021,OH,Champaign,4.4,1.1,8.3
39023,OH,Clark,5.3,2.8,9
39025,OH,Clermont,4.3,3.9,7.5
39027,OH,Clinton,5.5,4.8,8.3
39029,OH,Columbiana,5.7,1.4,9.3
39031,OH,Coshocton,5.8,1,9.7
39033,OH,Crawford,5.8,1.3,9.5
39035,OH,Cuyahoga,6.5,4.4,7.9
39037,OH,Darke,3.9,3.2,9
39039,OH,Defiance,4.7,2.9,8
39041,OH,Delaware,3.6,4.2,5.4
39043,OH,Erie,6.3,6.9,8.8
39045,OH,Fairfield,4.3,4.1,6.9
39047,OH,Fayette,4.8,1.4,9.1
39049,OH,Franklin,5,4.2,5.9
39051,OH,Fulton,4.7,2.9,8
39053,OH,Gallia,5.6,1.8,9.2
39055,OH,Geauga,4.1,4.5,8.1
39057,OH,Greene,4.3,2.3,6.9
39059,OH,Guernsey,5.6,1.5,9.7
39061,OH,Hamilton,4.9,3.9,7
39063,OH,Hancock,4.1,1.8,7.6
39065,OH,Hardin,5.2,1.4,7.8
39067,OH,Harrison,6.2,0.6,9.9
39069,OH,Henry,5.2,1.2,8.2
39071,OH,Highland,5.6,3.9,9.6
39073,OH,Hocking,4.8,4.2,9.3
39075,OH,Holmes,2.8,3.7,8.3
39077,OH,Huron,5.8,4.9,8.5
39079,OH,Jackson,6.1,-0.7,9.3
39081,OH,Jefferson,6.5,3.3,9.6
39083,OH,Knox,4,3,8
39085,OH,Lake,5.1,4.3,7.9
39087,OH,Lawrence,5.1,1.9,9.4
39089,OH,Licking,4.1,4.1,7.3
39091,OH,Logan,4.1,3.3,8.4
39093,OH,Lorain,5.8,4.3,8.2
39095,OH,Lucas,6.2,3,7.8
39097,OH,Madison,3.8,4,7.5
39099,OH,Mahoning,6.3,2.7,9
39101,OH,Marion,4.7,2.1,8.9
39103,OH,Medina,4.3,4.3,7
39105,OH,Meigs,6.6,0.9,10.4
39107,OH,Mercer,3.1,0.3,8
39109,OH,Miami,4.3,2.2,7.9
39111,OH,Monroe,7.3,-2.5,10.4
39113,OH,Montgomery,5.6,2.3,7.8
39115,OH,Morgan,6.2,4.4,10.6
39117,OH,Morrow,4.5,4.2,8.3
39119,OH,Muskingum,5.1,3.2,8.9
39121,OH,Noble,6.8,3.1,12.5
39123,OH,Ottawa,6.1,3.6,9.5
39125,OH,Paulding,4.3,2.4,8.6
39127,OH,Perry,5.6,4.1,8.7
39129,OH,Pickaway,4.5,4.1,7.7
39131,OH,Pike,6.3,3.9,9.8
39133,OH,Portage,4.7,2,7.1
39135,OH,Preble,4.1,5.6,8.3
39137,OH,Putnam,3.4,4.3,7.7
39139,OH,Richland,5.6,3.5,8.6
39141,OH,Ross,4.8,3.4,8.8
39143,OH,Sandusky,5.2,4.5,8.6
39145,OH,Scioto,6.2,3.6,9.8
39147,OH,Seneca,4.7,2.4,8.2
39149,OH,Shelby,4.2,3.2,8.1
39151,OH,Stark,5.2,2.5,8.4
39153,OH,Summit,5.4,2,7.8
39155,OH,Trumbull,6.4,2.8,9.7
39157,OH,Tuscarawas,4.6,2.9,8.8
39159,OH,Union,3.5,4.1,5.9
39161,OH,Van Wert,3.9,2.3,8.3
39163,OH,Vinton,6.2,1.8,10
39165,OH,Warren,4,3.9,6.2
39167,OH,Washington,5.5,3,9.1
39169,OH,Wayne,3.6,2.3,8.4
39171,OH,Williams,4.3,2,8.5
39173,OH,Wood,4.3,3,6.5
39175,OH,Wyandot,3.5,3,8.4
40001,OK,Adair,3.7,5,10.5
40003,OK,Alfalfa,2.3,-0.9,8.6
40005,OK,Atoka,4.7,0.8,9.8
40007,OK,Beaver,1.7,3.2,8.7
40009,OK,Beckham,4.3,1.2,7.8
40011,OK,Blaine,3,3.9,9.3
40013,OK,Bryan,3.3,0.5,8.6
40015,OK,Caddo,3.7,3.5,8.9
40017,OK,Canadian,3.2,4.3,6
40019,OK,Carter,4.4,3.6,8.2
40021,OK,Cherokee,4.1,3.9,8.4
40023,OK,Choctaw,5.2,9.8,10.8
40025,OK,Cimarron,1.8,7.9,10.2
40027,OK,Cleveland,3.2,4.3,6
40029,OK,Coal,4.5,3.4,10.7
40031,OK,Comanche,4.1,2.7,6.6
40033,OK,Cotton,4.1,3.5,9.6
40035,OK,Craig,3.6,0.7,9.8
40037,OK,Creek,4.2,3.3,8.4
40039,OK,Custer,3.2,3.4,7.1
40041,OK,Delaware,3.3,4.5,11.2
40043,OK,Dewey,2.7,4.3,8.9
40045,OK,Ellis,2.8,0.5,9.7
40047,OK,Garfield,3.4,2.2,7.7
40049,OK,Garvin,3.8,2.6,8.9
40051,OK,Grady,3.5,4.5,7.7
40053,OK,Grant,2.5,-0.4,9
40055,OK,Greer,5.1,2.3,8.4
40057,OK,Harmon,2.5,2.5,9.4
40059,OK,Harper,2.5,2.5,9.2
40061,OK,Haskell,5.2,3.9,10.3
40063,OK,Hughes,5.2,0.6,9.8
40065,OK,Jackson,2.8,3.5,7.2
40067,OK,Jefferson,4,-0.5,10.5
40069,OK,Johnston,4.6,1.8,9.5
40071,OK,Kay,4.3,3.6,8.9
40073,OK,Kingfisher,2.6,1,7.6
40075,OK,Kiowa,3.3,5.2,10.2
40077,OK,Latimer,7.3,1.6,10.6
40079,OK,Le Flore,4.7,3.8,9.6
40081,OK,Lincoln,3.5,4.6,9.1
40083,OK,Logan,3.3,4.4,7.2
40085,OK,Love,2.6,-5.2,9.2
40087,OK,McClain,3.1,4.6,7.1
40089,OK,McCurtain,4.4,7.4,10
40091,OK,McIntosh,6.1,2.7,11.7
40093,OK,Major,3.1,2.1,8.7
40095,OK,Marshall,3.7,5.9,10.3
40097,OK,Mayes,3.7,2.1,9.5
40099,OK,Murray,3.9,2.3,9.1
40101,OK,Muskogee,4.3,1.5,8.8
40103,OK,Noble,2.5,3.8,8.6
40105,OK,Nowata,3.5,3,9.7
40107,OK,Okfuskee,4.9,2.9,10.5
40109,OK,Oklahoma,4.1,4.3,6.7
40111,OK,Okmulgee,5.2,3.3,9.4
40113,OK,Osage,4.2,3.3,9.2
40115,OK,Ottawa,3.2,4.1,9.6
40117,OK,Pawnee,4.1,3.6,9.2
40119,OK,Payne,3.2,3.8,6.2
40121,OK,Pittsburg,5.2,1.3,9.4
40123,OK,Pontotoc,3.3,2.4,7.7
40125,OK,Pottawatomie,3.9,4.2,8.3
40127,OK,Pushmataha,4.2,8.8,11.1
40129,OK,Roger Mills,2.9,4,10
40131,OK,Rogers,3.5,3.1,7.4
40133,OK,Seminole,5.1,2.2,10.1
40135,OK,Sequoyah,4.3,3.9,10.1
40137,OK,Stephens,4.5,5.5,9
40139,OK,Texas,1.8,2,7.3
40141,OK,Tillman,4.2,-1.1,9.9
40143,OK,Tulsa,4,3.3,6.8
40145,OK,Wagoner,3.5,3.2,7.4
40147,OK,Washington,3.8,3.7,8.3
40149,OK,Washita,4.3,0.3,8.3
40151,OK,Woods,2.1,4.8,7.6
40153,OK,Woodward,4.2,0.4,7.7
41001,OR,Baker,5.1,5,8.9
41003,OR,Benton,3.9,3.7,5.3
41005,OR,Clackamas,4.8,4.7,5.9
41007,OR,Clatsop,6,4.8,7.7
41009,OR,Columbia,5.8,4.5,7.1
41011,OR,Coos,6.3,4.3,9.1
41013,OR,Crook,6.7,7.9,8.4
41015,OR,Curry,6.7,4.4,10
41017,OR,Deschutes,5.3,7.4,6.5
41019,OR,Douglas,5.8,3.2,8.8
41021,OR,Gilliam,4.8,-3.8,9.9
41023,OR,Grant,6.7,3.3,10
41025,OR,Harney,5.1,4.3,8.5
41027,OR,Hood River,4.5,4.1,6.1
41029,OR,Jackson,5.4,5.1,7.5
41031,OR,Jefferson,6.5,3.3,7.8
41033,OR,Josephine,6.2,4.4,9.5
41035,OR,Klamath,6.7,3,8.3
41037,OR,Lake,5.5,1.9,9.5
41039,OR,Lane,5.5,4.3,6.7
41041,OR,Lincoln,6.8,6.3,9.2
41043,OR,Linn,5.6,4.9,7.2
41045,OR,Malheur,4.4,2.1,7.8
41047,OR,Marion,5.1,5.1,6.6
41049,OR,Morrow,4.6,4,8.1
41051,OR,Multnomah,5.6,4.7,4.7
41053,OR,Polk,4.8,5.2,6.4
41055,OR,Sherman,4.3,0.7,8.7
41057,OR,Tillamook,5.5,5.1,8.4
41059,OR,Umatilla,5.2,3.6,7
41061,OR,Union,5.6,4.2,7.6
41063,OR,Wallowa,5.4,6.5,8.8
41065,OR,Wasco,5.2,3.8,7.6
41067,OR,Washington,4.4,4.5,4.7
41069,OR,Wheeler,3.3,5.7,11
41071,OR,Yamhill,4.7,4.4,6.6
42001,PA,Adams,4.4,2.4,7.7
42003,PA,Allegheny,6.1,1.1,6.8
42005,PA,Armstrong,7.6,1,9
42007,PA,Beaver,7.2,1.1,8
42009,PA,Bedford,5.9,2.4,9.4
42011,PA,Berks,6.6,1.5,7.2
42013,PA,Blair,6,1.6,8.4
42015,PA,Bradford,5.6,-0.1,9.1
42017,PA,Bucks,5.3,3,6.6
42019,PA,Butler,5.6,1.1,7.1
42021,PA,Cambria,7,0.4,8.7
42023,PA,Cameron,7.7,2.7,11.3
42025,PA,Carbon,6.7,3.8,8.6
42027,PA,Centre,4.6,-0.7,5.9
42029,PA,Chester,4.2,2.8,5.9
42031,PA,Clarion,6.5,-0.1,8.3
42033,PA,Clearfield,7,0.7,8.8
42035,PA,Clinton,6.7,-1.7,8.1
42037,PA,Columbia,5.9,0.9,7.6
42039,PA,Crawford,6.7,0.2,8.6
42041,PA,Cumberland,4.6,1.9,6.5
42043,PA,Dauphin,6.3,1.9,6.9
42045,PA,Delaware,6.3,2.1,6.4
42047,PA,Elk,6.9,2,8.8
42049,PA,Erie,7.3,1,7.8
42051,PA,Fayette,8.7,1.1,9.1
42053,PA,Forest,8.3,-1.3,9.4
42055,PA,Franklin,5.1,0.9,7.9
42057,PA,Fulton,6.3,0.8,8.8
42059,PA,Greene,7.3,0,8.2
42061,PA,Huntingdon,7.3,0.2,8.2
42063,PA,Indiana,7.1,-0.6,8
42065,PA,Jefferson,6.5,-1.2,9.1
42067,PA,Juniata,5,0.4,8.8
42069,PA,Lackawanna,6.9,1.4,7.9
42071,PA,Lancaster,4.9,2.6,7.3
42073,PA,Lawrence,7.6,0.2,8.8
42075,PA,Lebanon,5.5,2.2,8
42077,PA,Lehigh,6.8,3.8,7
42079,PA,Luzerne,8.3,1.4,8.2
42081,PA,Lycoming,6.7,-0.3,7.9
42083,PA,McKean,6.9,0.6,8.7
42085,PA,Mercer,7.1,1,8.9
42087,PA,Mifflin,6.1,0.3,9.4
42089,PA,Monroe,7.7,3.3,7.5
42091,PA,Montgomery,5,3,6.1
42093,PA,Montour,4.4,0.9,7.9
42095,PA,Northampton,5.9,3.8,7.1
42097,PA,Northumberland,6.8,1.2,8.7
42099,PA,Perry,4.7,1.8,7.9
42101,PA,Philadelphia,9.2,1.7,6.4
42103,PA,Pike,7.3,2.6,8.4
42105,PA,Potter,6.8,0.4,9.8
42107,PA,Schuylkill,6.8,0.3,8.6
42109,PA,Snyder,5.2,2.3,7.8
42111,PA,Somerset,6.7,1.3,9
42113,PA,Sullivan,7.4,-0.5,10
42115,PA,Susquehanna,5.5,1.7,9.3
42117,PA,Tioga,6.6,1.4,9
42119,PA,Union,4.7,1.8,7.1
42121,PA,Venango,6.8,-0.2,9.4
42123,PA,Warren,6.7,-3,9.2
42125,PA,Washington,6.6,1.1,7.6
42127,PA,Wayne,6.6,2.8,9
42129,PA,Westmoreland,6.3,1.1,8.1
42131,PA,Wyoming,6.3,1.4,8.3
42133,PA,York,5.4,2.2,7.2
44001,RI,Bristol,4.7,4.7,6.5
44003,RI,Kent,5.2,4.7,7
44005,RI,Newport,4.9,4.7,6.8
44007,RI,Providence,6,4.7,6.5
44009,RI,Washington,4.9,4.6,6.5
45001,SC,Abbeville,4.5,0.8,9.2
45003,SC,Aiken,3.4,2.2,8
45005,SC,Allendale,7.8,-2.4,9.8
45007,SC,Anderson,3.7,4,7.7
45009,SC,Bamberg,7.5,0.3,8.9
45011,SC,Barnwell,6.5,-1.6,9.3
45013,SC,Beaufort,3.5,3.9,8.2
45015,SC,Berkeley,3.6,4.9,6.5
45017,SC,Calhoun,4.5,2.7,8.9
45019,SC,Charleston,3.6,5,6.2
45021,SC,Cherokee,5.1,3.3,8.3
45023,SC,Chester,5.9,4.1,8.7
45025,SC,Chesterfield,4.5,2.6,9.1
45027,SC,Clarendon,4.9,0.7,10
45029,SC,Colleton,4.4,1.3,9.3
45031,SC,Darlington,4.5,2.1,8.8
45033,SC,Dillon,5.8,1.7,9.4
45035,SC,Dorchester,3.6,4.9,6.4
45037,SC,Edgefield,3.4,2.1,8.6
45039,SC,Fairfield,5.8,2.7,9.6
45041,SC,Florence,4.1,2.3,7.8
45043,SC,Georgetown,4.8,4.4,9.6
45045,SC,Greenville,3.4,4,6.5
45047,SC,Greenwood,4.5,0.6,8.4
45049,SC,Hampton,3.6,1.8,9.4
45051,SC,Horry,5.1,6.9,9.2
45053,SC,Jasper,3.4,4.3,8.8
45055,SC,Kershaw,3.7,2.7,7.9
45057,SC,Lancaster,4.4,4.2,8
45059,SC,Laurens,4.3,4,8.8
45061,SC,Lee,5.6,1.2,9.1
45063,SC,Lexington,3,2.8,7
45065,SC,McCormick,4.8,3.7,11.3
45067,SC,Marion,6.6,1.2,9.6
45069,SC,Marlboro,7.8,-0.5,10
45071,SC,Newberry,3.3,3.9,8.6
45073,SC,Oconee,3.6,1.4,9.1
45075,SC,Orangeburg,7.1,1.4,8.9
45077,SC,Pickens,3.5,4.1,7
45079,SC,Richland,4.1,2.8,5.6
45081,SC,Saluda,3.1,2.2,9.7
45083,SC,Spartanburg,4,2.8,7.1
45085,SC,Sumter,4.6,1.6,7.5
45087,SC,Union,6.5,2.9,9.4
45089,SC,Williamsburg,6.1,-0.5,9.4
45091,SC,York,3.7,4.3,6.3
46003,SD,Aurora,2.4,1.7,7.6
46005,SD,Beadle,2.8,0.1,7.9
46007,SD,Bennett,4.3,-1,9.1
46009,SD,Bon Homme,2.8,0.4,8.3
46011,SD,Brookings,3.2,1.6,4.7
46013,SD,Brown,3,1.6,6.5
46015,SD,Brule,2.5,6,7.9
46017,SD,Buffalo,5.4,4.6,9.4
46019,SD,Butte,3.4,2.8,8.2
46021,SD,Campbell,3.4,-0.8,9.3
46023,SD,Charles Mix,3.7,3.7,9.4
46025,SD,Clark,3.7,-10.1,8.5
46027,SD,Clay,3,4.5,4.9
46029,SD,Codington,3.1,3.6,7.5
46031,SD,Corson,4.7,-0.2,10.1
46033,SD,Custer,4,4.2,9.6
46035,SD,Davison,2.8,1.3,7.6
46037,SD,Day,4.3,1.2,9.9
46039,SD,Deuel,4.2,0,7.9
46041,SD,Dewey,5.9,0.9,9.4
46043,SD,Douglas,2.5,-0.6,9.1
46045,SD,Edmunds,2.7,1.8,8.1
46047,SD,Fall River,4,4.2,10.6
46049,SD,Faulk,2.7,3,9.4
46051,SD,Grant,3.4,0,7.9
46053,SD,Gregory,2.8,2.7,9.7
46055,SD,Haakon,2.8,-1.4,10.4
46057,SD,Hamlin,2.4,4.2,6.9
46059,SD,Hand,2.5,0.6,8.5
46061,SD,Hanson,4,1.3,7
46063,SD,Harding,2.8,0.9,7.2
46065,SD,Hughes,2.4,1.4,6.7
46067,SD,Hutchinson,3.1,0.9,8.6
46069,SD,Hyde,2.6,-2.2,8.4
46071,SD,Jackson,4.4,0.7,10.7
46073,SD,Jerauld,2.2,12,8.5
46075,SD,Jones,3.4,0.6,8.7
46077,SD,Kingsbury,2.9,2.1,8
46079,SD,Lake,3,2.5,7.6
46081,SD,Lawrence,3,5.3,7.6
46083,SD,Lincoln,2.4,3,5.3
46085,SD,Lyman,4.4,3.1,9.2
46087,SD,McCook,2.8,3,7.4
46089,SD,McPherson,4.2,-2.1,9.9
46091,SD,Marshall,3.5,1.6,7.7
46093,SD,Meade,3,4.3,6.2
46095,SD,Mellette,4.5,4.5,11.8
46097,SD,Miner,3.1,3.8,8.6
46099,SD,Minnehaha,2.9,3,5.7
46101,SD,Moody,2.8,2.2,7.7
46102,SD,Oglala Lakota,8.7,6.8,9.4
46103,SD,Pennington,3.2,4.3,7.5
46105,SD,Perkins,3.1,2.4,9.2
46107,SD,Potter,3,3.1,9.3
46109,SD,Roberts,4.6,0,9.9
46111,SD,Sanborn,3,3.4,7.8
46115,SD,Spink,3.2,0.3,7.7
46117,SD,Stanley,3,1.5,7.1
46119,SD,Sully,3.8,1.7,8.6
46121,SD,Todd,4.8,3.7,10
46123,SD,Tripp,2.4,1.2,9.6
46125,SD,Turner,2.7,3.2,7.7
46127,SD,Union,3.6,1.5,6.7
46129,SD,Walworth,5.5,2.3,8.8
46135,SD,Yankton,2.7,1.2,7.4
46137,SD,Ziebach,4.5,0.8,9.5
47001,TN,Anderson,3.8,4.5,8.6
47003,TN,Bedford,4.1,4.9,7.7
47005,TN,Benton,4.8,3.4,10.7
47007,TN,Bledsoe,5.2,3.9,9.2
47009,TN,Blount,3.4,4.4,8.1
47011,TN,Bradley,4.1,-0.8,7.8
47013,TN,Campbell,4.8,4.5,10
47015,TN,Cannon,3.4,5.4,8.6
47017,TN,Carroll,4.6,3.1,9.1
47019,TN,Carter,4.2,4.6,9.8
47021,TN,Cheatham,3.1,5.8,7.3
47023,TN,Chester,3.3,2.8,8
47025,TN,Claiborne,4.1,3.4,9.5
47027,TN,Clay,5.3,4.7,12
47029,TN,Cocke,5.5,4.6,10.3
47031,TN,Coffee,4.1,2.3,8.3
47033,TN,Crockett,3.6,2.3,8.9
47035,TN,Cumberland,4.8,2.2,11.5
47037,TN,Davidson,4.2,5.7,5.6
47039,TN,Decatur,5.7,0,10.7
47041,TN,DeKalb,4.5,6.1,9.1
47043,TN,Dickson,3.4,5.6,7.6
47045,TN,Dyer,4.6,4.6,8.4
47047,TN,Fayette,4.1,2.6,8.6
47049,TN,Fentress,4,2.4,10.5
47051,TN,Franklin,3.8,2.2,8.5
47053,TN,Gibson,4.3,1.3,8.6
47055,TN,Giles,4.3,4.3,9
47057,TN,Grainger,4.2,4.3,9.7
47059,TN,Greene,4.4,3.7,9.8
47061,TN,Grundy,5.4,3,9.8
47063,TN,Hamblen,4,3.1,9
47065,TN,Hamilton,4,3.9,7.1
47067,TN,Hancock,4.8,6.3,11.5
47069,TN,Hardeman,6,-1.6,9.2
47071,TN,Hardin,4.5,1.9,10
47073,TN,Hawkins,4.4,2.3,9.5
47075,TN,Haywood,5.9,1,9.3
47077,TN,Henderson,4.4,3.8,9.1
47079,TN,Henry,4,3.3,10.2
47081,TN,Hickman,3.5,5.6,8.4
47083,TN,Houston,4.8,1.9,9.3
47085,TN,Humphreys,3.9,1.9,9.2
47087,TN,Jackson,4.3,5.1,10.6
47089,TN,Jefferson,4.1,3.1,8.6
47091,TN,Johnson,3.5,4,11.1
47093,TN,Knox,3.3,4.5,6.7
47095,TN,Lake,6,1,9.1
47097,TN,Lauderdale,6,2.3,8.8
47099,TN,Lawrence,4.3,4.4,9.1
47101,TN,Lewis,4.7,7.1,10
47103,TN,Lincoln,4.1,5.9,8.6
47105,TN,Loudon,3.4,4.1,9.4
47107,TN,McMinn,4.5,0,9
47109,TN,McNairy,5.3,3,9.8
47111,TN,Macon,3.7,4.7,8.7
47113,TN,Madison,4.5,3.1,8
47115,TN,Marion,4.3,3.9,9.5
47117,TN,Marshall,4.5,5.1,7.9
47119,TN,Maury,4.7,5.6,7
47121,TN,Meigs,4.9,3.5,9.4
47123,TN,Monroe,3.8,7,9.7
47125,TN,Montgomery,4.5,4.2,5.2
47127,TN,Moore,2.6,1.8,9
47129,TN,Morgan,4.3,4.1,9.4
47131,TN,Obion,4.7,3.2,9.7
47133,TN,Overton,3.6,5.1,9.9
47135,TN,Perry,7.2,0.1,10.6
47137,TN,Pickett,3.8,0.6,11.7
47139,TN,Polk,4.1,-0.8,9.3
47141,TN,Putnam,3.7,4.2,7.8
47143,TN,Rhea,4.8,9.1,9.1
47145,TN,Roane,4,4.3,9.3
47147,TN,Robertson,3.3,5.3,7.2
47149,TN,Rutherford,3.4,5.6,5.4
47151,TN,Scott,5.1,2,9.8
47153,TN,Sequatchie,4.4,4,10
47155,TN,Sevier,3.9,7.9,8.9
47157,TN,Shelby,6.8,3,6.7
47159,TN,Smith,3.3,5.4,8.2
47161,TN,Stewart,4.1,1.7,8.7
47163,TN,Sullivan,4.2,2.5,9
47165,TN,Sumner,3.3,5.7,6.9
47167,TN,Tipton,4.3,2.8,7.3
47169,TN,Trousdale,3.7,5.5,6.1
47171,TN,Unicoi,4.9,3.8,10.2
47173,TN,Union,4,4.7,9.4
47175,TN,Van Buren,5,3.9,10.8
47177,TN,Warren,4.7,2,9.1
47179,TN,Washington,3.6,4.4,7.8
47181,TN,Wayne,4.1,1.8,9.2
47183,TN,Weakley,3.8,2,8.5
47185,TN,White,3.9,1.4,9.6
47187,TN,Williamson,2.5,5.8,5.4
47189,TN,Wilson,3.2,5.6,6.6
48001,TX,Anderson,4.8,2.5,7.5
48003,TX,Andrews,5.9,1,5.9
48005,TX,Angelina,6.5,2.9,8.5
48007,TX,Aransas,7.3,2.9,10.7
48009,TX,Archer,4.2,2,8.4
48011,TX,Armstrong,3.6,4,8
48013,TX,Atascosa,6.2,4.6,7
48015,TX,Austin,5.5,3.7,8.4
48017,TX,Bailey,4.9,1.6,7.2
48019,TX,Bandera,4.7,4.8,10
48021,TX,Bastrop,4.5,8,7.2
48023,TX,Baylor,3.4,3.5,9.3
48025,TX,Bee,8.7,-3.4,6.8
48027,TX,Bell,5.7,4.1,5.8
48029,TX,Bexar,5.4,4.5,6.1
48031,TX,Blanco,3.3,5.7,8.9
48033,TX,Borden,2.4,34,7.7
48035,TX,Bosque,4.6,4,9.8
48037,TX,Bowie,5.8,3.4,7.6
48039,TX,Brazoria,6.9,3.5,5.7
48041,TX,Brazos,4.1,5.4,4.8
48043,TX,Brewster,4.5,5,8.3
48045,TX,Briscoe,4.7,4.6,11.2
48047,TX,Brooks,9.2,-1.3,9.7
48049,TX,Brown,5.2,2.3,8.4
48051,TX,Burleson,5,5.5,8.5
48053,TX,Burnet,3.7,5.7,8.6
48055,TX,Caldwell,4.9,8,7.2
48057,TX,Calhoun,4.9,4.2,7.8
48059,TX,Callahan,4.6,4.1,8.6
48061,TX,Cameron,8.2,5.6,7.6
48063,TX,Camp,5.9,4.9,8.6
48065,TX,Carson,3.9,4,7.7
48067,TX,Cass,6.7,3.4,9.8
48069,TX,Castro,3.5,4.2,7.9
48071,TX,Chambers,8.3,3.6,6
48073,TX,Cherokee,6.4,1.1,8.6
48075,TX,Childress,3.6,0.7,7
48077,TX,Clay,4.9,1.9,8.7
48079,TX,Cochran,6.3,-2.1,9.5
48081,TX,Coke,4.8,1.6,9.9
48083,TX,Coleman,6,4.8,10.1
48085,TX,Collin,4.3,6.2,4.8
48087,TX,Collingsworth,4.3,2.7,9.3
48089,TX,Colorado,4.8,4,9.2
48091,TX,Comal,4.5,4.7,6.7
48093,TX,Comanche,4.6,9.1,9.2
48095,TX,Concho,4.2,2.5,10.9
48097,TX,Cooke,5,3.5,8
48099,TX,Coryell,5.7,4.1,5.3
48101,TX,Cottle,4.6,7.5,11.3
48103,TX,Crane,9.6,5.5,6
48105,TX,Crockett,6.7,-2.4,8.3
48107,TX,Crosby,5.6,4,9.2
48109,TX,Culberson,4.8,-3,10.2
48111,TX,Dallam,2.6,2.7,7.9
48113,TX,Dallas,5.6,6.2,5.6
48115,TX,Dawson,7,3.2,8.2
48117,TX,Deaf Smith,3.7,3.7,7.3
48119,TX,Delta,4.9,3.5,9.2
48121,TX,Denton,4.4,6.2,4.8
48123,TX,DeWitt,4.8,4.5,9
48125,TX,Dickens,5.1,7,9.5
48127,TX,Dimmit,5.7,-8.7,10
48129,TX,Donley,4.1,3.4,8.8
48131,TX,Duval,8.3,18.9,8.1
48133,TX,Eastland,5.8,1.9,9.6
48135,TX,Ector,8.3,1.1,5.6
48137,TX,Edwards,4.3,2.1,12.4
48139,TX,Ellis,4.5,6.2,6.1
48141,TX,El Paso,6.2,3.5,6.2
48143,TX,Erath,4.5,5,6.3
48145,TX,Falls,5.3,4.5,9.1
48147,TX,Fannin,4,4.3,8.3
48149,TX,Fayette,4.3,2,9.4
48151,TX,Fisher,4.2,1.7,8.9
48153,TX,Floyd,5.8,1.5,8.9
48155,TX,Foard,3.4,3.8,11.4
48157,TX,Fort Bend,5.9,3.6,4.9
48159,TX,Franklin,4.4,10.3,7.8
48161,TX,Freestone,7.2,1.9,9.1
48163,TX,Frio,4.8,0.2,6.3
48165,TX,Gaines,4.6,2.2,6.3
48167,TX,Galveston,6.7,3.6,6.4
48169,TX,Garza,5,1.6,6.7
48171,TX,Gillespie,3.3,7.6,9.3
48173,TX,Glasscock,2.9,2.9,8
48175,TX,Goliad,6.6,2.8,9.3
48177,TX,Gonzales,4.3,2.8,8.3
48179,TX,Gray,6.7,1.3,8.3
48181,TX,Grayson,4.6,4.8,7.6
48183,TX,Gregg,6.5,2.4,7.7
48185,TX,Grimes,6.7,2.6,8.7
48187,TX,Guadalupe,4.4,4.4,6.1
48189,TX,Hale,6.1,3.1,7.2
48191,TX,Hall,5.4,3.2,11.2
48193,TX,Hamilton,4.1,2.8,10.2
48195,TX,Hansford,3,4.3,8.1
48197,TX,Hardeman,4.3,1.9,9.2
48199,TX,Hardin,8,-0.1,7.7
48201,TX,Harris,6.5,3.7,5.6
48203,TX,Harrison,6.6,0.8,8.2
48205,TX,Hartley,2.1,5.2,6.6
48207,TX,Haskell,3.9,3.7,9.7
48209,TX,Hays,4.1,8.1,5.1
48211,TX,Hemphill,4.3,-7.9,7
48213,TX,Henderson,5.1,5.3,9.6
48215,TX,Hidalgo,9.3,5.2,7
48217,TX,Hill,5,5.6,8.8
48219,TX,Hockley,6,2.8,7.4
48221,TX,Hood,5.2,5.3,8.7
48223,TX,Hopkins,4.3,3.7,8.2
48225,TX,Houston,4.8,6.2,10.5
48227,TX,Howard,6.5,1.1,7
48229,TX,Hudspeth,5.8,3.4,8.3
48231,TX,Hunt,5.1,6.2,7.6
48233,TX,Hutchinson,6,2,7.8
48235,TX,Irion,4.9,4,8.3
48237,TX,Jack,5.5,2.5,8.4
48239,TX,Jackson,5,-0.9,8.2
48241,TX,Jasper,9.7,2.3,9.9
48243,TX,Jeff Davis,4.3,8.3,12.3
48245,TX,Jefferson,10,0,7.3
48247,TX,Jim Hogg,8.8,0.6,8.9
48249,TX,Jim Wells,10.2,0.7,7.7
48251,TX,Johnson,4.9,5.1,6.8
48253,TX,Jones,6.2,3.6,7.6
48255,TX,Karnes,5.2,-0.3,7.1
48257,TX,Kaufman,4.9,6.1,6
48259,TX,Kendall,3.8,4.8,6.9
48261,TX,Kenedy,6,1.8,6.4
48263,TX,Kent,2.9,-1.6,8.4
48265,TX,Kerr,4.5,3.9,9.5
48267,TX,Kimble,4.1,5.7,11.3
48269,TX,King,0.9,93,12
48271,TX,Kinney,5.5,-3.9,10.1
48273,TX,Kleberg,7.1,1.9,6.3
48275,TX,Knox,4.7,2.4,9.2
48277,TX,Lamar,5.5,5.8,8.7
48279,TX,Lamb,5,1.1,9.1
48281,TX,Lampasas,4.8,4.3,8.3
48283,TX,La Salle,4.3,5.4,6.2
48285,TX,Lavaca,4.5,4.4,9.3
48287,TX,Lee,4.3,0.4,8.7
48289,TX,Leon,7.1,3.1,10.7
48291,TX,Liberty,9.2,3.7,7.3
48293,TX,Limestone,6.2,4.4,9.1
48295,TX,Lipscomb,3.7,-0.2,8
48297,TX,Live Oak,6.8,-2.9,10
48299,TX,Llano,4.8,7.1,11.6
48301,TX,Loving,0.9,49.7,5
48303,TX,Lubbock,4.5,4.2,6
48305,TX,Lynn,4.3,4.1,8.7
48307,TX,McCulloch,6.5,0.2,9.5
48309,TX,McLennan,4.9,4.7,7
48311,TX,McMullen,2.3,3.6,10.6
48313,TX,Madison,6.2,6.7,6.9
48315,TX,Marion,6.9,2.8,10.7
48317,TX,Martin,4.8,4,6.2
48319,TX,Mason,4.7,5.3,9.4
48321,TX,Matagorda,8.3,3.2,8.4
48323,TX,Maverick,12.7,1.4,6.9
48325,TX,Medina,5,4.5,7.1
48327,TX,Menard,4.8,-2,10.5
48329,TX,Midland,5.7,4.1,5.1
48331,TX,Milam,5.8,7.6,9.3
48333,TX,Mills,4.4,1.8,10.3
48335,TX,Mitchell,7.1,1.7,6.8
48337,TX,Montague,5.1,4.6,9.3
48339,TX,Montgomery,5.8,3.7,6
48341,TX,Moore,3.3,5.1,6.6
48343,TX,Morris,10.5,-3.3,9.5
48345,TX,Motley,5.1,4.9,10.1
48347,TX,Nacogdoches,5.5,3.4,7.4
48349,TX,Navarro,5.1,3.5,8.4
48351,TX,Newton,10.4,-0.2,10.5
48353,TX,Nolan,4.8,1.9,8.8
48355,TX,Nueces,6.9,2.5,6.9
48357,TX,Ochiltree,4.6,0.1,7.2
48359,TX,Oldham,3.5,3.8,7
48361,TX,Orange,9,0,7.5
48363,TX,Palo Pinto,5.7,0,8.7
48365,TX,Panola,6.7,5.7,8.8
48367,TX,Parker,4.4,5.2,6.9
48369,TX,Parmer,2.9,3,7.6
48371,TX,Pecos,7.1,-1.9,7
48373,TX,Polk,8,2.7,9.3
48375,TX,Potter,4.3,4.1,7.7
48377,TX,Presidio,10.5,2.6,13.4
48379,TX,Rains,3.9,7,9.7
48381,TX,Randall,3.5,3.9,6.2
48383,TX,Reagan,7.7,-5.5,6.3
48385,TX,Real,5.9,7.1,12.4
48387,TX,Red River,5.9,5.5,10.4
48389,TX,Reeves,5.9,-0.1,6.2
48391,TX,Refugio,6.7,2.2,9.2
48393,TX,Roberts,4.3,0.3,8
48395,TX,Robertson,5.3,5.4,8.8
48397,TX,Rockwall,4.3,6.2,5.3
48399,TX,Runnels,4.1,3.6,9
48401,TX,Rusk,6,2.6,7.8
48403,TX,Sabine,9.5,3.9,12.2
48405,TX,San Augustine,8.2,0.8,11.8
48407,TX,San Jacinto,7.4,3.8,9.8
48409,TX,San Patricio,8.8,2.3,7.4
48411,TX,San Saba,4.7,1.8,9.7
48413,TX,Schleicher,5.5,0.7,8.4
48415,TX,Scurry,6.7,0.3,7.6
48417,TX,Shackelford,4,6,8.4
48419,TX,Shelby,5.4,4.7,9.4
48421,TX,Sherman,3,8.8,7.7
48423,TX,Smith,5.1,4.2,7.3
48425,TX,Somervell,5.2,5.2,8
48427,TX,Starr,16.2,-0.5,7.9
48429,TX,Stephens,4.9,6.2,9.1
48431,TX,Sterling,5.1,7.1,7
48433,TX,Stonewall,4.1,4.5,10.8
48435,TX,Sutton,8.3,-2.9,8.2
48437,TX,Swisher,4.9,4.1,9.5
48439,TX,Tarrant,5.3,5.1,5.6
48441,TX,Taylor,4.3,3.6,6.7
48443,TX,Terrell,3.6,10,11.2
48445,TX,Terry,6.1,1.4,8.6
48447,TX,Throckmorton,2.8,62.5,11
48449,TX,Titus,5.4,4.6,7.9
48451,TX,Tom Green,4.9,2.9,6.6
48453,TX,Travis,4,8.1,4.5
48455,TX,Trinity,7.3,2.6,11
48457,TX,Tyler,8.5,3.1,9.7
48459,TX,Upshur,6.3,2.6,8.7
48461,TX,Upton,5.2,-1.5,7.3
48463,TX,Uvalde,5.5,1.4,7.9
48465,TX,Val Verde,5.9,6.2,7.3
48467,TX,Van Zandt,4.7,5.1,8.9
48469,TX,Victoria,6.4,2.6,7.3
48471,TX,Walker,6.3,1.4,6.9
48473,TX,Waller,6.4,3.6,5.8
48475,TX,Ward,7.2,-1.2,7
48477,TX,Washington,5.2,1,8.3
48479,TX,Webb,6.3,3.4,6.3
48481,TX,Wharton,5.7,1,8.2
48483,TX,Wheeler,6.2,-5.1,9.5
48485,TX,Wichita,5.3,1.9,7
48487,TX,Wilbarger,6.6,-0.3,9.4
48489,TX,Willacy,10.5,8.3,7.7
48491,TX,Williamson,4,8,5
48493,TX,Wilson,4.4,4.5,7
48495,TX,Winkler,7.7,-3.6,6.4
48497,TX,Wise,4.9,5.2,7.4
48499,TX,Wood,5.6,2.6,9.9
48501,TX,Yoakum,7.8,-1.3,6.6
48503,TX,Young,4.5,5.8,8.7
48505,TX,Zapata,12.1,-2.3,8.2
48507,TX,Zavala,12.7,-1,8.6
49001,UT,Beaver,2.8,0.8,6.2
49003,UT,Box Elder,2.4,3,6
49005,UT,Cache,2,5.4,4.6
49007,UT,Carbon,3.9,-0.6,7.4
49009,UT,Daggett,3.6,1.8,8.1
49011,UT,Davis,2.4,3.5,4.5
49013,UT,Duchesne,4.9,2.1,6.5
49015,UT,Emery,3.9,2,7.3
49017,UT,Garfield,6.5,9.2,8.3
49019,UT,Grand,4.4,11.3,7
49021,UT,Iron,2.8,5.8,6.1
49023,UT,Juab,2,6.4,5.9
49025,UT,Kane,2.9,5.9,8
49027,UT,Millard,2.4,0.7,7.6
49029,UT,Morgan,2.1,3.4,5.1
49031,UT,Piute,4.4,1.6,11
49033,UT,Rich,2.3,10.8,7.5
49035,UT,Salt Lake,2.8,4.1,4.8
49037,UT,San Juan,6.3,4,8.3
49039,UT,Sanpete,2.8,3.4,6.4
49041,UT,Sevier,3.3,2,7.3
49043,UT,Summit,2.9,6.3,5
49045,UT,Tooele,2.9,4.1,4.8
49047,UT,Uintah,5.6,4.9,6.7
49049,UT,Utah,2.3,6.5,4
49051,UT,Wasatch,2.9,6.6,5.1
49053,UT,Washington,2.9,7.2,7.2
49055,UT,Wayne,4.7,7.2,8.1
49057,UT,Weber,2.9,3.4,5.3
50001,VT,Addison,2.8,-1.2,6.4
50003,VT,Bennington,4.3,-2.4,7.7
50005,VT,Caledonia,3.7,-1.3,7.5
50007,VT,Chittenden,2.8,-1.6,5.1
50009,VT,Essex,4.8,-0.8,9.6
50011,VT,Franklin,3.5,-0.7,6.7
50013,VT,Grand Isle,3.9,-1.6,6.9
50015,VT,Lamoille,4,0,6.5
50017,VT,Orange,3.2,-2.1,7.5
50019,VT,Orleans,4.6,0.6,8.1
50021,VT,Rutland,4.2,-1.8,7.6
50023,VT,Washington,3,-2.9,6.6
50025,VT,Windham,4.4,-3.6,7.7
50027,VT,Windsor,3.3,-0.6,7.5
51001,VA,Accomack,4.3,-3.1,10
51003,VA,Albemarle,3.2,0.3,5.8
51005,VA,Alleghany,4.1,-1.9,9.4
51007,VA,Amelia,3.6,-0.1,8.3
51009,VA,Amherst,3.7,-0.9,8
51011,VA,Appomattox,3.9,-1,8
51013,VA,Arlington,3,0.3,3.6
51015,VA,Augusta,3.1,-0.8,7.8
51017,VA,Bath,4.6,1.8,10.8
51019,VA,Bedford,3.4,-0.8,7.5
51021,VA,Bland,3.4,-1,8.6
51023,VA,Botetourt,3,-0.5,7.8
51025,VA,Brunswick,6.3,-2.4,8.8
51027,VA,Buchanan,6.7,-1.8,10.8
51029,VA,Buckingham,5.3,0.3,8.5
51031,VA,Campbell,3.8,-0.9,7.9
51033,VA,Caroline,4.3,-0.1,6.6
51035,VA,Carroll,4.1,1.1,9.7
51036,VA,Charles City,4.4,-0.2,9.1
51037,VA,Charlotte,3.7,3.8,9.9
51041,VA,Chesterfield,3.6,-0.1,5.7
51043,VA,Clarke,3.1,0.2,7.3
51045,VA,Craig,3.3,-0.4,8.2
51047,VA,Culpeper,3.2,0.4,6.6
51049,VA,Cumberland,4.3,0.4,8.2
51051,VA,Dickenson,5.3,0.6,10.5
51053,VA,Dinwiddie,4.5,0,7.3
51057,VA,Essex,4.8,-1.6,9
51059,VA,Fairfax,3.5,0.3,4.6
51061,VA,Fauquier,3,0.2,6.1
51063,VA,Floyd,3.1,2.2,8.6
51065,VA,Fluvanna,3.3,0.4,6.5
51067,VA,Franklin,3.5,-0.4,8.9
51069,VA,Frederick,2.9,0.9,6.6
51071,VA,Giles,3.5,2.4,8.1
51073,VA,Gloucester,3.4,-0.3,7.2
51075,VA,Goochland,3.1,0.1,6.8
51077,VA,Grayson,3.3,0.2,9.8
51079,VA,Greene,3,0.4,7
51081,VA,Greensville,4.9,1.8,7.3
51083,VA,Halifax,4.8,-0.2,9.4
51085,VA,Hanover,3,-0.1,6.2
51087,VA,Henrico,4,-0.1,5.5
51089,VA,Henry,4.7,2.1,10.1
51091,VA,Highland,2.9,0.1,10.1
51093,VA,Isle of Wight,3.5,-0.3,7.2
51095,VA,James City,4,-0.3,7.2
51097,VA,King and Queen,3.1,0.3,8.1
51099,VA,King George,2.9,1.8,5.7
51101,VA,King William,3.3,0.1,6.4
51103,VA,Lancaster,5.3,-0.1,10.5
51105,VA,Lee,4,-0.9,10.5
51107,VA,Loudoun,3.1,0.2,4.1
51109,VA,Louisa,3.4,1.4,7.9
51111,VA,Lunenburg,3.8,-2.6,9.2
51113,VA,Madison,2.5,1.3,8.1
51115,VA,Mathews,3.2,-0.3,9.2
51117,VA,Mecklenburg,4.7,0.2,9.5
51119,VA,Middlesex,3.4,0.4,9.8
51121,VA,Montgomery,3,2.4,5.2
51125,VA,Nelson,3.5,0.5,8.7
51127,VA,New Kent,3,0,6.2
51131,VA,Northampton,5.4,1.5,9.8
51133,VA,Northumberland,4.9,-1.3,10.5
51135,VA,Nottoway,3.7,-1,8.2
51137,VA,Orange,3.6,1.2,7.4
51139,VA,Page,4.6,1.8,8.6
51141,VA,Patrick,4.5,-0.6,9.8
51143,VA,Pittsylvania,4,0.2,9.2
51145,VA,Powhatan,2.9,0,6.6
51147,VA,Prince Edward,4.8,0,6.7
51149,VA,Prince George,4.5,-0.1,6
51153,VA,Prince William,4,0.3,4.6
51155,VA,Pulaski,4,2.5,8.4
51157,VA,Rappahannock,2.9,0.5,8.5
51159,VA,Richmond,3.5,-2,8.6
51161,VA,Roanoke,3.1,-0.4,7
51163,VA,Rockbridge,3.7,1.3,9.3
51165,VA,Rockingham,2.9,0.8,7.3
51167,VA,Russell,4.3,-2.1,9.7
51169,VA,Scott,3.6,-0.5,9.8
51171,VA,Shenandoah,3.6,-1,8.6
51173,VA,Smyth,4,3.3,9.3
51175,VA,Southampton,3.5,-2.5,8.1
51177,VA,Spotsylvania,3.8,0.3,5.7
51179,VA,Stafford,3.6,0.2,4.8
51181,VA,Surry,3.8,-1.4,8.9
51183,VA,Sussex,6.5,-0.4,7.2
51185,VA,Tazewell,5.2,-0.8,9.2
51187,VA,Warren,3.5,0.3,6.9
51191,VA,Washington,3.6,-0.5,8.6
51193,VA,Westmoreland,4.4,1.3,9.3
51195,VA,Wise,5.2,-0.7,8.7
51197,VA,Wythe,4,1.4,8.5
51199,VA,York,3.3,-0.3,5.6
51510,VA,Alexandria,3.8,0.3,4.3
51520,VA,Bristol,4.7,-0.3,9.3
51530,VA,Buena Vista,3.9,-5.8,8.3
51540,VA,Charlottesville,3.7,0.3,4.9
51550,VA,Chesapeake,3.8,-0.4,5.5
51570,VA,Colonial Heights,4.8,-0.1,7
51580,VA,Covington,5.8,-1.6,8.2
51590,VA,Danville,6.5,-1.1,9
51595,VA,Emporia,7.8,3,10.1
51600,VA,Fairfax,3.4,0.4,5.1
51610,VA,Falls Church,2.6,0.4,4.3
51620,VA,Franklin,6.9,-3,8.3
51630,VA,Fredericksburg,4.7,0.2,4.7
51640,VA,Galax,4.1,1.4,9.2
51650,VA,Hampton,5.7,-0.4,6.3
51660,VA,Harrisonburg,4,0.9,4.9
51670,VA,Hopewell,7.5,-0.2,7.9
51678,VA,Lexington,4.9,2.3,5
51680,VA,Lynchburg,5.1,-1,5.4
51683,VA,Manassas,3.9,0.3,5.1
51685,VA,Manassas Park,3.8,0.4,4.8
51690,VA,Martinsville,7.5,1.6,8.4
51700,VA,Newport News,5.6,-0.4,5.7
51710,VA,Norfolk,5.7,-0.4,5
51720,VA,Norton,4.9,-0.9,9
51730,VA,Petersburg,10.5,-0.1,7.7
51735,VA,Poquoson,2.8,-0.3,6.4
51740,VA,Portsmouth,6.7,-0.3,6.5
51750,VA,Radford,4.1,2.4,5.1
51760,VA,Richmond,5.5,-0.1,5.7
51770,VA,Roanoke,4.8,-0.4,7.3
51775,VA,Salem,3.6,-0.5,6.6
51790,VA,Staunton,3.8,-0.7,7.3
51800,VA,Suffolk,4.4,-0.4,6
51810,VA,Virginia Beach,3.7,-0.3,5.3
51820,VA,Waynesboro,4.1,-0.8,7.4
51830,VA,Williamsburg,4.9,-0.3,5.4
51840,VA,Winchester,3.5,0.8,6.6
53001,WA,Adams,5.5,5.6,7.1
53003,WA,Asotin,3.7,4.4,8.7
53005,WA,Benton,5.6,1.8,6.2
53007,WA,Chelan,5.3,3.6,7.5
53009,WA,Clallam,6.5,5.8,9.1
53011,WA,Clark,5.5,4.2,6.1
53013,WA,Columbia,5.2,3.4,8.9
53015,WA,Cowlitz,6.4,2,7.8
53017,WA,Douglas,5.5,4.9,7.3
53019,WA,Ferry,8.9,-1.4,10.5
53021,WA,Franklin,6.6,2.3,5.4
53023,WA,Garfield,5.8,3.6,8
53025,WA,Grant,6.6,3.5,6.9
53027,WA,Grays Harbor,7.8,5.8,8.7
53029,WA,Island,5.6,3.6,7.3
53031,WA,Jefferson,6.2,2.8,9.5
53033,WA,King,4.3,3.8,4.4
53035,WA,Kitsap,5,2.7,6
53037,WA,Kittitas,6.3,0.4,6
53039,WA,Klickitat,6,6.2,8.9
53041,WA,Lewis,6.3,3.3,8.2
53043,WA,Lincoln,4.9,2.2,8.7
53045,WA,Mason,7,1.9,8.4
53047,WA,Okanogan,6.6,2.9,9.6
53049,WA,Pacific,7.9,6.9,9.9
53051,WA,Pend Oreille,7.6,2,9
53053,WA,Pierce,6.1,2.7,5.5
53055,WA,San Juan,5,6.6,8.4
53057,WA,Skagit,6.3,1.1,7.1
53059,WA,Skamania,6.4,4.1,8.3
53061,WA,Snohomish,5,3.8,5.3
53063,WA,Spokane,5.4,1.9,6.4
53065,WA,Stevens,6.7,2.1,8.7
53067,WA,Thurston,5.2,1.5,6.1
53069,WA,Wahkiakum,6.6,-0.5,9.7
53071,WA,Walla Walla,4.6,3.9,6.8
53073,WA,Whatcom,6,0.6,6.2
53075,WA,Whitman,4.5,2.1,4.7
53077,WA,Yakima,7,1,7.1
54001,WV,Barbour,5.3,2.6,10.1
54003,WV,Berkeley,3.6,6.3,7.5
54005,WV,Boone,6.1,3.2,10.3
54007,WV,Braxton,6.7,1.7,11.7
54009,WV,Brooke,6.1,4.9,9.7
54011,WV,Cabell,4.6,3.4,8.8
54013,WV,Calhoun,10.3,6.6,12.4
54015,WV,Clay,7.7,3.4,12.1
54017,WV,Doddridge,4.1,1.1,10.1
54019,WV,Fayette,6.2,3.7,10.7
54021,WV,Gilmer,6.9,4.5,8.3
54023,WV,Grant,4.5,3.4,11.1
54025,WV,Greenbrier,4.5,5.1,10.5
54027,WV,Hampshire,3.4,5.9,10.3
54029,WV,Hancock,6.3,4.8,10.1
54031,WV,Hardy,4.9,1,10.6
54033,WV,Harrison,4.7,3.5,9.3
54035,WV,Jackson,5.7,-0.8,9.8
54037,WV,Jefferson,3.1,5.4,7.4
54039,WV,Kanawha,5.2,3.2,9.6
54041,WV,Lewis,7,4.1,10
54043,WV,Lincoln,6.6,3.4,11.3
54045,WV,Logan,6.6,6.4,11.5
54047,WV,McDowell,8.2,1.7,13.6
54049,WV,Marion,5.2,4.3,8.9
54051,WV,Marshall,6.2,3.8,10.3
54053,WV,Mason,5.5,2.3,10.1
54055,WV,Mercer,6,2.8,10.6
54057,WV,Mineral,4.7,4.2,9.4
54059,WV,Mingo,9,-2,11.6
54061,WV,Monongalia,3.9,5.5,6
54063,WV,Monroe,3.6,5.2,11
54065,WV,Morgan,3.5,6.2,9.9
54067,WV,Nicholas,6,2.6,10.6
54069,WV,Ohio,5.1,3.8,9
54071,WV,Pendleton,3,5.5,11.8
54073,WV,Pleasants,7.2,5,9.3
54075,WV,Pocahontas,5,7.8,12.2
54077,WV,Preston,4.5,5.7,9.5
54079,WV,Putnam,4.2,3.4,8.3
54081,WV,Raleigh,5.2,3.7,10
54083,WV,Randolph,5.6,2.7,10.2
54085,WV,Ritchie,5.6,2.3,11
54087,WV,Roane,8.5,2.7,11.7
54089,WV,Summers,4.7,6.3,11.3
54091,WV,Taylor,4.6,4.4,9.8
54093,WV,Tucker,5.4,6.8,10.4
54095,WV,Tyler,8,1.7,10.3
54097,WV,Upshur,6.2,4.7,10.4
54099,WV,Wayne,5.1,3.4,10.6
54101,WV,Webster,6.2,2.6,12.9
54103,WV,Wetzel,6.7,6.7,10.8
54105,WV,Wirt,7.6,5.1,11.7
54107,WV,Wood,5.3,4.9,9.7
54109,WV,Wyoming,5.8,9.8,11.2
55001,WI,Adams,6.2,2.3,9.8
55003,WI,Ashland,5,4.1,8.4
55005,WI,Barron,3.9,3.3,8.2
55007,WI,Bayfield,5.7,4.3,8.9
55009,WI,Brown,3.4,3.4,6
55011,WI,Buffalo,4.2,2.8,7.9
55013,WI,Burnett,5.3,6.3,9.7
55015,WI,Calumet,2.8,3.4,5.9
55017,WI,Chippewa,3.9,4.3,7
55019,WI,Clark,3.2,3,8
55021,WI,Columbia,3.4,4.2,6.6
55023,WI,Crawford,4.4,4,8.4
55025,WI,Dane,2.8,4.4,4.5
55027,WI,Dodge,3.2,3.6,6.9
55029,WI,Door,4.4,6.3,8.2
55031,WI,Douglas,4.4,3.7,7
55033,WI,Dunn,3.6,3.8,6
55035,WI,Eau Claire,3.2,4.3,5.6
55037,WI,Florence,4.8,5.2,9.1
55039,WI,Fond du Lac,3.2,4.3,6.6
55041,WI,Forest,6.7,7.4,8.9
55043,WI,Grant,3,2.5,6.8
55045,WI,Green,3,4.1,7
55047,WI,Green Lake,4.3,3.4,8.3
55049,WI,Iowa,3.4,4.1,6.9
55051,WI,Iron,6.4,5.7,9.9
55053,WI,Jackson,5.2,0.4,7.9
55055,WI,Jefferson,3.3,4.8,6.4
55057,WI,Juneau,4.3,3.7,8.2
55059,WI,Kenosha,4.3,4.4,6.1
55061,WI,Kewaunee,2.8,3.2,7.2
55063,WI,La Crosse,3,4.4,5.8
55065,WI,Lafayette,2.6,5,7.7
55067,WI,Langlade,4.5,3.4,9
55069,WI,Lincoln,3.7,2.8,8
55071,WI,Manitowoc,3.4,4.2,7.3
55073,WI,Marathon,3,3.6,6.8
55075,WI,Marinette,4.4,3.1,8.6
55077,WI,Marquette,4.4,3.6,8.8
55078,WI,Menominee,8.6,3.5,8.8
55079,WI,Milwaukee,5.4,3.2,5.8
55081,WI,Monroe,3.2,3.1,7.1
55083,WI,Oconto,3.7,3.5,7.7
55085,WI,Oneida,4.3,3.9,8.2
55087,WI,Outagamie,3.1,3.4,5.8
55089,WI,Ozaukee,3.1,3.4,6
55091,WI,Pepin,3.4,2.4,8.1
55093,WI,Pierce,3.4,4,5.5
55095,WI,Polk,4.2,4.3,7.5
55097,WI,Portage,3.5,3.2,6
55099,WI,Price,4.2,3.7,9.3
55101,WI,Racine,4.7,3.3,6.7
55103,WI,Richland,3.5,1.1,8.6
55105,WI,Rock,4.4,4,6.7
55107,WI,Rusk,4.4,2.6,9.2
55109,WI,St. Croix,3.4,4.1,5.5
55111,WI,Sauk,4,4.3,6.9
55113,WI,Sawyer,5.1,4.1,9.5
55115,WI,Shawano,3.7,3.9,8.1
55117,WI,Sheboygan,3.1,3.2,6.6
55119,WI,Taylor,3.3,2.5,8.1
55121,WI,Trempealeau,3.7,2.3,7.2
55123,WI,Vernon,3.2,5.1,8.2
55125,WI,Vilas,4.7,4.1,9.3
55127,WI,Walworth,3.6,5,6.5
55129,WI,Washburn,4.5,3.9,9.1
55131,WI,Washington,3.1,3.2,6.2
55133,WI,Waukesha,3.1,3.3,5.8
55135,WI,Waupaca,3.5,3.7,7.6
55137,WI,Waushara,4.2,4.9,8.7
55139,WI,Winnebago,3.2,3.2,6.2
55141,WI,Wood,4.4,2.2,7.7
56001,WY,Albany,3.3,1.4,4.5
56003,WY,Big Horn,4.4,1.1,8.4
56005,WY,Campbell,5.3,-3.5,5.6
56007,WY,Carbon,3.9,0.2,7.1
56009,WY,Converse,4.9,-5.3,6.9
56011,WY,Crook,3.4,0.3,7.8
56013,WY,Fremont,4.7,1.2,7.7
56015,WY,Goshen,3.5,1.3,7.8
56017,WY,Hot Springs,3.9,1.9,9.5
56019,WY,Johnson,4.1,3.1,8.8
56021,WY,Laramie,4,-0.4,5.9
56023,WY,Lincoln,3.8,3.7,7.1
56025,WY,Natrona,6.1,-0.8,6.2
56027,WY,Niobrara,3.6,2.2,9.7
56029,WY,Park,4.1,3.8,7.3
56031,WY,Platte,4,-0.6,8.6
56033,WY,Sheridan,4.2,0.9,6.9
56035,WY,Sublette,5.6,1,7
56037,WY,Sweetwater,5.6,-3.4,5.7
56039,WY,Teton,3.2,7.9,5.1
56041,WY,Uinta,5,-1.7,6.7
56043,WY,Washakie,4,2.1,7.9
56045,WY,Weston,3.2,-0.6,8
